<?xml version="1.0" encoding="UTF-8"?>
<dolfin xmlns:dolfin="http://fenicsproject.org">
  <mesh_function type="uint" dim="1" size="2417">
    <entity index="0" value="1"/>
    <entity index="1" value="4"/>
    <entity index="2" value="0"/>
    <entity index="3" value="1"/>
    <entity index="4" value="2"/>
    <entity index="5" value="0"/>
    <entity index="6" value="2"/>
    <entity index="7" value="3"/>
    <entity index="8" value="0"/>
    <entity index="9" value="3"/>
    <entity index="10" value="4"/>
    <entity index="11" value="0"/>
    <entity index="12" value="1"/>
    <entity index="13" value="0"/>
    <entity index="14" value="0"/>
    <entity index="15" value="1"/>
    <entity index="16" value="0"/>
    <entity index="17" value="0"/>
    <entity index="18" value="0"/>
    <entity index="19" value="1"/>
    <entity index="20" value="0"/>
    <entity index="21" value="0"/>
    <entity index="22" value="1"/>
    <entity index="23" value="0"/>
    <entity index="24" value="0"/>
    <entity index="25" value="1"/>
    <entity index="26" value="0"/>
    <entity index="27" value="0"/>
    <entity index="28" value="1"/>
    <entity index="29" value="0"/>
    <entity index="30" value="0"/>
    <entity index="31" value="1"/>
    <entity index="32" value="0"/>
    <entity index="33" value="0"/>
    <entity index="34" value="0"/>
    <entity index="35" value="1"/>
    <entity index="36" value="0"/>
    <entity index="37" value="0"/>
    <entity index="38" value="0"/>
    <entity index="39" value="0"/>
    <entity index="40" value="2"/>
    <entity index="41" value="0"/>
    <entity index="42" value="0"/>
    <entity index="43" value="2"/>
    <entity index="44" value="0"/>
    <entity index="45" value="0"/>
    <entity index="46" value="2"/>
    <entity index="47" value="0"/>
    <entity index="48" value="0"/>
    <entity index="49" value="2"/>
    <entity index="50" value="0"/>
    <entity index="51" value="0"/>
    <entity index="52" value="2"/>
    <entity index="53" value="0"/>
    <entity index="54" value="0"/>
    <entity index="55" value="2"/>
    <entity index="56" value="0"/>
    <entity index="57" value="0"/>
    <entity index="58" value="2"/>
    <entity index="59" value="0"/>
    <entity index="60" value="0"/>
    <entity index="61" value="0"/>
    <entity index="62" value="2"/>
    <entity index="63" value="0"/>
    <entity index="64" value="0"/>
    <entity index="65" value="2"/>
    <entity index="66" value="0"/>
    <entity index="67" value="0"/>
    <entity index="68" value="2"/>
    <entity index="69" value="0"/>
    <entity index="70" value="0"/>
    <entity index="71" value="2"/>
    <entity index="72" value="0"/>
    <entity index="73" value="0"/>
    <entity index="74" value="2"/>
    <entity index="75" value="0"/>
    <entity index="76" value="0"/>
    <entity index="77" value="0"/>
    <entity index="78" value="2"/>
    <entity index="79" value="0"/>
    <entity index="80" value="0"/>
    <entity index="81" value="2"/>
    <entity index="82" value="0"/>
    <entity index="83" value="0"/>
    <entity index="84" value="2"/>
    <entity index="85" value="0"/>
    <entity index="86" value="0"/>
    <entity index="87" value="2"/>
    <entity index="88" value="0"/>
    <entity index="89" value="0"/>
    <entity index="90" value="0"/>
    <entity index="91" value="2"/>
    <entity index="92" value="0"/>
    <entity index="93" value="0"/>
    <entity index="94" value="2"/>
    <entity index="95" value="0"/>
    <entity index="96" value="0"/>
    <entity index="97" value="0"/>
    <entity index="98" value="2"/>
    <entity index="99" value="0"/>
    <entity index="100" value="0"/>
    <entity index="101" value="2"/>
    <entity index="102" value="0"/>
    <entity index="103" value="0"/>
    <entity index="104" value="0"/>
    <entity index="105" value="2"/>
    <entity index="106" value="0"/>
    <entity index="107" value="0"/>
    <entity index="108" value="2"/>
    <entity index="109" value="0"/>
    <entity index="110" value="0"/>
    <entity index="111" value="2"/>
    <entity index="112" value="0"/>
    <entity index="113" value="0"/>
    <entity index="114" value="2"/>
    <entity index="115" value="0"/>
    <entity index="116" value="0"/>
    <entity index="117" value="2"/>
    <entity index="118" value="0"/>
    <entity index="119" value="0"/>
    <entity index="120" value="2"/>
    <entity index="121" value="0"/>
    <entity index="122" value="0"/>
    <entity index="123" value="2"/>
    <entity index="124" value="0"/>
    <entity index="125" value="0"/>
    <entity index="126" value="2"/>
    <entity index="127" value="0"/>
    <entity index="128" value="0"/>
    <entity index="129" value="2"/>
    <entity index="130" value="0"/>
    <entity index="131" value="0"/>
    <entity index="132" value="0"/>
    <entity index="133" value="2"/>
    <entity index="134" value="0"/>
    <entity index="135" value="0"/>
    <entity index="136" value="2"/>
    <entity index="137" value="0"/>
    <entity index="138" value="0"/>
    <entity index="139" value="2"/>
    <entity index="140" value="0"/>
    <entity index="141" value="0"/>
    <entity index="142" value="2"/>
    <entity index="143" value="0"/>
    <entity index="144" value="0"/>
    <entity index="145" value="0"/>
    <entity index="146" value="2"/>
    <entity index="147" value="0"/>
    <entity index="148" value="0"/>
    <entity index="149" value="2"/>
    <entity index="150" value="0"/>
    <entity index="151" value="2"/>
    <entity index="152" value="0"/>
    <entity index="153" value="0"/>
    <entity index="154" value="0"/>
    <entity index="155" value="2"/>
    <entity index="156" value="0"/>
    <entity index="157" value="0"/>
    <entity index="158" value="2"/>
    <entity index="159" value="0"/>
    <entity index="160" value="0"/>
    <entity index="161" value="2"/>
    <entity index="162" value="0"/>
    <entity index="163" value="0"/>
    <entity index="164" value="2"/>
    <entity index="165" value="0"/>
    <entity index="166" value="0"/>
    <entity index="167" value="0"/>
    <entity index="168" value="2"/>
    <entity index="169" value="0"/>
    <entity index="170" value="0"/>
    <entity index="171" value="2"/>
    <entity index="172" value="0"/>
    <entity index="173" value="0"/>
    <entity index="174" value="2"/>
    <entity index="175" value="0"/>
    <entity index="176" value="0"/>
    <entity index="177" value="2"/>
    <entity index="178" value="0"/>
    <entity index="179" value="0"/>
    <entity index="180" value="2"/>
    <entity index="181" value="0"/>
    <entity index="182" value="0"/>
    <entity index="183" value="2"/>
    <entity index="184" value="0"/>
    <entity index="185" value="0"/>
    <entity index="186" value="2"/>
    <entity index="187" value="0"/>
    <entity index="188" value="0"/>
    <entity index="189" value="2"/>
    <entity index="190" value="0"/>
    <entity index="191" value="0"/>
    <entity index="192" value="2"/>
    <entity index="193" value="0"/>
    <entity index="194" value="0"/>
    <entity index="195" value="0"/>
    <entity index="196" value="2"/>
    <entity index="197" value="0"/>
    <entity index="198" value="0"/>
    <entity index="199" value="2"/>
    <entity index="200" value="0"/>
    <entity index="201" value="0"/>
    <entity index="202" value="0"/>
    <entity index="203" value="2"/>
    <entity index="204" value="0"/>
    <entity index="205" value="0"/>
    <entity index="206" value="2"/>
    <entity index="207" value="0"/>
    <entity index="208" value="0"/>
    <entity index="209" value="0"/>
    <entity index="210" value="2"/>
    <entity index="211" value="0"/>
    <entity index="212" value="0"/>
    <entity index="213" value="2"/>
    <entity index="214" value="0"/>
    <entity index="215" value="0"/>
    <entity index="216" value="2"/>
    <entity index="217" value="0"/>
    <entity index="218" value="0"/>
    <entity index="219" value="2"/>
    <entity index="220" value="0"/>
    <entity index="221" value="0"/>
    <entity index="222" value="0"/>
    <entity index="223" value="2"/>
    <entity index="224" value="0"/>
    <entity index="225" value="0"/>
    <entity index="226" value="2"/>
    <entity index="227" value="0"/>
    <entity index="228" value="0"/>
    <entity index="229" value="2"/>
    <entity index="230" value="0"/>
    <entity index="231" value="0"/>
    <entity index="232" value="2"/>
    <entity index="233" value="0"/>
    <entity index="234" value="0"/>
    <entity index="235" value="2"/>
    <entity index="236" value="0"/>
    <entity index="237" value="0"/>
    <entity index="238" value="0"/>
    <entity index="239" value="2"/>
    <entity index="240" value="0"/>
    <entity index="241" value="0"/>
    <entity index="242" value="2"/>
    <entity index="243" value="0"/>
    <entity index="244" value="0"/>
    <entity index="245" value="2"/>
    <entity index="246" value="0"/>
    <entity index="247" value="0"/>
    <entity index="248" value="2"/>
    <entity index="249" value="0"/>
    <entity index="250" value="0"/>
    <entity index="251" value="2"/>
    <entity index="252" value="0"/>
    <entity index="253" value="0"/>
    <entity index="254" value="0"/>
    <entity index="255" value="0"/>
    <entity index="256" value="3"/>
    <entity index="257" value="0"/>
    <entity index="258" value="0"/>
    <entity index="259" value="3"/>
    <entity index="260" value="0"/>
    <entity index="261" value="0"/>
    <entity index="262" value="3"/>
    <entity index="263" value="0"/>
    <entity index="264" value="0"/>
    <entity index="265" value="0"/>
    <entity index="266" value="3"/>
    <entity index="267" value="0"/>
    <entity index="268" value="0"/>
    <entity index="269" value="3"/>
    <entity index="270" value="0"/>
    <entity index="271" value="0"/>
    <entity index="272" value="3"/>
    <entity index="273" value="0"/>
    <entity index="274" value="0"/>
    <entity index="275" value="3"/>
    <entity index="276" value="0"/>
    <entity index="277" value="0"/>
    <entity index="278" value="3"/>
    <entity index="279" value="0"/>
    <entity index="280" value="0"/>
    <entity index="281" value="0"/>
    <entity index="282" value="0"/>
    <entity index="283" value="0"/>
    <entity index="284" value="4"/>
    <entity index="285" value="0"/>
    <entity index="286" value="0"/>
    <entity index="287" value="4"/>
    <entity index="288" value="0"/>
    <entity index="289" value="0"/>
    <entity index="290" value="4"/>
    <entity index="291" value="0"/>
    <entity index="292" value="0"/>
    <entity index="293" value="4"/>
    <entity index="294" value="0"/>
    <entity index="295" value="0"/>
    <entity index="296" value="4"/>
    <entity index="297" value="0"/>
    <entity index="298" value="0"/>
    <entity index="299" value="4"/>
    <entity index="300" value="0"/>
    <entity index="301" value="0"/>
    <entity index="302" value="4"/>
    <entity index="303" value="0"/>
    <entity index="304" value="0"/>
    <entity index="305" value="4"/>
    <entity index="306" value="0"/>
    <entity index="307" value="0"/>
    <entity index="308" value="4"/>
    <entity index="309" value="0"/>
    <entity index="310" value="0"/>
    <entity index="311" value="0"/>
    <entity index="312" value="4"/>
    <entity index="313" value="0"/>
    <entity index="314" value="0"/>
    <entity index="315" value="4"/>
    <entity index="316" value="0"/>
    <entity index="317" value="0"/>
    <entity index="318" value="4"/>
    <entity index="319" value="0"/>
    <entity index="320" value="0"/>
    <entity index="321" value="4"/>
    <entity index="322" value="0"/>
    <entity index="323" value="0"/>
    <entity index="324" value="4"/>
    <entity index="325" value="0"/>
    <entity index="326" value="0"/>
    <entity index="327" value="4"/>
    <entity index="328" value="0"/>
    <entity index="329" value="0"/>
    <entity index="330" value="4"/>
    <entity index="331" value="0"/>
    <entity index="332" value="0"/>
    <entity index="333" value="4"/>
    <entity index="334" value="0"/>
    <entity index="335" value="0"/>
    <entity index="336" value="4"/>
    <entity index="337" value="0"/>
    <entity index="338" value="0"/>
    <entity index="339" value="4"/>
    <entity index="340" value="0"/>
    <entity index="341" value="0"/>
    <entity index="342" value="0"/>
    <entity index="343" value="4"/>
    <entity index="344" value="0"/>
    <entity index="345" value="0"/>
    <entity index="346" value="4"/>
    <entity index="347" value="0"/>
    <entity index="348" value="0"/>
    <entity index="349" value="4"/>
    <entity index="350" value="0"/>
    <entity index="351" value="0"/>
    <entity index="352" value="4"/>
    <entity index="353" value="0"/>
    <entity index="354" value="0"/>
    <entity index="355" value="4"/>
    <entity index="356" value="0"/>
    <entity index="357" value="0"/>
    <entity index="358" value="0"/>
    <entity index="359" value="4"/>
    <entity index="360" value="0"/>
    <entity index="361" value="0"/>
    <entity index="362" value="4"/>
    <entity index="363" value="0"/>
    <entity index="364" value="0"/>
    <entity index="365" value="4"/>
    <entity index="366" value="0"/>
    <entity index="367" value="0"/>
    <entity index="368" value="4"/>
    <entity index="369" value="0"/>
    <entity index="370" value="0"/>
    <entity index="371" value="4"/>
    <entity index="372" value="0"/>
    <entity index="373" value="0"/>
    <entity index="374" value="0"/>
    <entity index="375" value="4"/>
    <entity index="376" value="0"/>
    <entity index="377" value="0"/>
    <entity index="378" value="4"/>
    <entity index="379" value="0"/>
    <entity index="380" value="0"/>
    <entity index="381" value="4"/>
    <entity index="382" value="0"/>
    <entity index="383" value="0"/>
    <entity index="384" value="4"/>
    <entity index="385" value="0"/>
    <entity index="386" value="0"/>
    <entity index="387" value="4"/>
    <entity index="388" value="0"/>
    <entity index="389" value="0"/>
    <entity index="390" value="0"/>
    <entity index="391" value="4"/>
    <entity index="392" value="0"/>
    <entity index="393" value="0"/>
    <entity index="394" value="4"/>
    <entity index="395" value="0"/>
    <entity index="396" value="0"/>
    <entity index="397" value="4"/>
    <entity index="398" value="0"/>
    <entity index="399" value="0"/>
    <entity index="400" value="4"/>
    <entity index="401" value="0"/>
    <entity index="402" value="0"/>
    <entity index="403" value="4"/>
    <entity index="404" value="0"/>
    <entity index="405" value="0"/>
    <entity index="406" value="4"/>
    <entity index="407" value="0"/>
    <entity index="408" value="0"/>
    <entity index="409" value="4"/>
    <entity index="410" value="0"/>
    <entity index="411" value="0"/>
    <entity index="412" value="4"/>
    <entity index="413" value="0"/>
    <entity index="414" value="0"/>
    <entity index="415" value="4"/>
    <entity index="416" value="0"/>
    <entity index="417" value="0"/>
    <entity index="418" value="4"/>
    <entity index="419" value="0"/>
    <entity index="420" value="0"/>
    <entity index="421" value="0"/>
    <entity index="422" value="4"/>
    <entity index="423" value="0"/>
    <entity index="424" value="0"/>
    <entity index="425" value="4"/>
    <entity index="426" value="0"/>
    <entity index="427" value="0"/>
    <entity index="428" value="4"/>
    <entity index="429" value="0"/>
    <entity index="430" value="0"/>
    <entity index="431" value="4"/>
    <entity index="432" value="0"/>
    <entity index="433" value="0"/>
    <entity index="434" value="4"/>
    <entity index="435" value="0"/>
    <entity index="436" value="0"/>
    <entity index="437" value="4"/>
    <entity index="438" value="0"/>
    <entity index="439" value="0"/>
    <entity index="440" value="4"/>
    <entity index="441" value="0"/>
    <entity index="442" value="0"/>
    <entity index="443" value="0"/>
    <entity index="444" value="0"/>
    <entity index="445" value="0"/>
    <entity index="446" value="0"/>
    <entity index="447" value="0"/>
    <entity index="448" value="0"/>
    <entity index="449" value="0"/>
    <entity index="450" value="0"/>
    <entity index="451" value="0"/>
    <entity index="452" value="0"/>
    <entity index="453" value="0"/>
    <entity index="454" value="0"/>
    <entity index="455" value="0"/>
    <entity index="456" value="0"/>
    <entity index="457" value="0"/>
    <entity index="458" value="0"/>
    <entity index="459" value="0"/>
    <entity index="460" value="0"/>
    <entity index="461" value="0"/>
    <entity index="462" value="0"/>
    <entity index="463" value="0"/>
    <entity index="464" value="0"/>
    <entity index="465" value="0"/>
    <entity index="466" value="0"/>
    <entity index="467" value="0"/>
    <entity index="468" value="0"/>
    <entity index="469" value="0"/>
    <entity index="470" value="0"/>
    <entity index="471" value="0"/>
    <entity index="472" value="0"/>
    <entity index="473" value="0"/>
    <entity index="474" value="0"/>
    <entity index="475" value="0"/>
    <entity index="476" value="0"/>
    <entity index="477" value="0"/>
    <entity index="478" value="0"/>
    <entity index="479" value="0"/>
    <entity index="480" value="0"/>
    <entity index="481" value="0"/>
    <entity index="482" value="0"/>
    <entity index="483" value="0"/>
    <entity index="484" value="0"/>
    <entity index="485" value="0"/>
    <entity index="486" value="0"/>
    <entity index="487" value="0"/>
    <entity index="488" value="0"/>
    <entity index="489" value="0"/>
    <entity index="490" value="0"/>
    <entity index="491" value="0"/>
    <entity index="492" value="0"/>
    <entity index="493" value="0"/>
    <entity index="494" value="0"/>
    <entity index="495" value="0"/>
    <entity index="496" value="0"/>
    <entity index="497" value="0"/>
    <entity index="498" value="0"/>
    <entity index="499" value="0"/>
    <entity index="500" value="0"/>
    <entity index="501" value="0"/>
    <entity index="502" value="0"/>
    <entity index="503" value="0"/>
    <entity index="504" value="0"/>
    <entity index="505" value="0"/>
    <entity index="506" value="0"/>
    <entity index="507" value="0"/>
    <entity index="508" value="0"/>
    <entity index="509" value="0"/>
    <entity index="510" value="0"/>
    <entity index="511" value="0"/>
    <entity index="512" value="0"/>
    <entity index="513" value="0"/>
    <entity index="514" value="0"/>
    <entity index="515" value="0"/>
    <entity index="516" value="0"/>
    <entity index="517" value="0"/>
    <entity index="518" value="0"/>
    <entity index="519" value="0"/>
    <entity index="520" value="0"/>
    <entity index="521" value="0"/>
    <entity index="522" value="0"/>
    <entity index="523" value="0"/>
    <entity index="524" value="0"/>
    <entity index="525" value="0"/>
    <entity index="526" value="0"/>
    <entity index="527" value="0"/>
    <entity index="528" value="0"/>
    <entity index="529" value="0"/>
    <entity index="530" value="0"/>
    <entity index="531" value="0"/>
    <entity index="532" value="0"/>
    <entity index="533" value="0"/>
    <entity index="534" value="0"/>
    <entity index="535" value="0"/>
    <entity index="536" value="0"/>
    <entity index="537" value="0"/>
    <entity index="538" value="0"/>
    <entity index="539" value="0"/>
    <entity index="540" value="0"/>
    <entity index="541" value="0"/>
    <entity index="542" value="0"/>
    <entity index="543" value="0"/>
    <entity index="544" value="0"/>
    <entity index="545" value="0"/>
    <entity index="546" value="0"/>
    <entity index="547" value="0"/>
    <entity index="548" value="0"/>
    <entity index="549" value="0"/>
    <entity index="550" value="0"/>
    <entity index="551" value="0"/>
    <entity index="552" value="0"/>
    <entity index="553" value="0"/>
    <entity index="554" value="0"/>
    <entity index="555" value="0"/>
    <entity index="556" value="0"/>
    <entity index="557" value="0"/>
    <entity index="558" value="0"/>
    <entity index="559" value="0"/>
    <entity index="560" value="0"/>
    <entity index="561" value="0"/>
    <entity index="562" value="0"/>
    <entity index="563" value="0"/>
    <entity index="564" value="0"/>
    <entity index="565" value="0"/>
    <entity index="566" value="0"/>
    <entity index="567" value="0"/>
    <entity index="568" value="0"/>
    <entity index="569" value="0"/>
    <entity index="570" value="0"/>
    <entity index="571" value="0"/>
    <entity index="572" value="0"/>
    <entity index="573" value="0"/>
    <entity index="574" value="0"/>
    <entity index="575" value="0"/>
    <entity index="576" value="0"/>
    <entity index="577" value="0"/>
    <entity index="578" value="0"/>
    <entity index="579" value="0"/>
    <entity index="580" value="0"/>
    <entity index="581" value="0"/>
    <entity index="582" value="0"/>
    <entity index="583" value="0"/>
    <entity index="584" value="0"/>
    <entity index="585" value="0"/>
    <entity index="586" value="0"/>
    <entity index="587" value="0"/>
    <entity index="588" value="0"/>
    <entity index="589" value="0"/>
    <entity index="590" value="0"/>
    <entity index="591" value="0"/>
    <entity index="592" value="0"/>
    <entity index="593" value="0"/>
    <entity index="594" value="0"/>
    <entity index="595" value="0"/>
    <entity index="596" value="0"/>
    <entity index="597" value="0"/>
    <entity index="598" value="0"/>
    <entity index="599" value="0"/>
    <entity index="600" value="0"/>
    <entity index="601" value="0"/>
    <entity index="602" value="0"/>
    <entity index="603" value="0"/>
    <entity index="604" value="0"/>
    <entity index="605" value="0"/>
    <entity index="606" value="0"/>
    <entity index="607" value="0"/>
    <entity index="608" value="0"/>
    <entity index="609" value="0"/>
    <entity index="610" value="0"/>
    <entity index="611" value="0"/>
    <entity index="612" value="0"/>
    <entity index="613" value="0"/>
    <entity index="614" value="0"/>
    <entity index="615" value="0"/>
    <entity index="616" value="0"/>
    <entity index="617" value="0"/>
    <entity index="618" value="0"/>
    <entity index="619" value="0"/>
    <entity index="620" value="0"/>
    <entity index="621" value="0"/>
    <entity index="622" value="0"/>
    <entity index="623" value="0"/>
    <entity index="624" value="0"/>
    <entity index="625" value="0"/>
    <entity index="626" value="0"/>
    <entity index="627" value="0"/>
    <entity index="628" value="0"/>
    <entity index="629" value="0"/>
    <entity index="630" value="0"/>
    <entity index="631" value="0"/>
    <entity index="632" value="0"/>
    <entity index="633" value="0"/>
    <entity index="634" value="0"/>
    <entity index="635" value="0"/>
    <entity index="636" value="0"/>
    <entity index="637" value="0"/>
    <entity index="638" value="0"/>
    <entity index="639" value="0"/>
    <entity index="640" value="0"/>
    <entity index="641" value="0"/>
    <entity index="642" value="0"/>
    <entity index="643" value="0"/>
    <entity index="644" value="0"/>
    <entity index="645" value="0"/>
    <entity index="646" value="0"/>
    <entity index="647" value="0"/>
    <entity index="648" value="0"/>
    <entity index="649" value="0"/>
    <entity index="650" value="0"/>
    <entity index="651" value="0"/>
    <entity index="652" value="0"/>
    <entity index="653" value="0"/>
    <entity index="654" value="0"/>
    <entity index="655" value="0"/>
    <entity index="656" value="0"/>
    <entity index="657" value="0"/>
    <entity index="658" value="0"/>
    <entity index="659" value="0"/>
    <entity index="660" value="0"/>
    <entity index="661" value="0"/>
    <entity index="662" value="0"/>
    <entity index="663" value="0"/>
    <entity index="664" value="0"/>
    <entity index="665" value="0"/>
    <entity index="666" value="0"/>
    <entity index="667" value="0"/>
    <entity index="668" value="0"/>
    <entity index="669" value="0"/>
    <entity index="670" value="0"/>
    <entity index="671" value="0"/>
    <entity index="672" value="0"/>
    <entity index="673" value="0"/>
    <entity index="674" value="0"/>
    <entity index="675" value="0"/>
    <entity index="676" value="0"/>
    <entity index="677" value="0"/>
    <entity index="678" value="0"/>
    <entity index="679" value="0"/>
    <entity index="680" value="0"/>
    <entity index="681" value="0"/>
    <entity index="682" value="0"/>
    <entity index="683" value="0"/>
    <entity index="684" value="0"/>
    <entity index="685" value="0"/>
    <entity index="686" value="0"/>
    <entity index="687" value="0"/>
    <entity index="688" value="0"/>
    <entity index="689" value="0"/>
    <entity index="690" value="0"/>
    <entity index="691" value="0"/>
    <entity index="692" value="0"/>
    <entity index="693" value="0"/>
    <entity index="694" value="0"/>
    <entity index="695" value="0"/>
    <entity index="696" value="0"/>
    <entity index="697" value="0"/>
    <entity index="698" value="0"/>
    <entity index="699" value="0"/>
    <entity index="700" value="0"/>
    <entity index="701" value="0"/>
    <entity index="702" value="0"/>
    <entity index="703" value="0"/>
    <entity index="704" value="0"/>
    <entity index="705" value="0"/>
    <entity index="706" value="0"/>
    <entity index="707" value="0"/>
    <entity index="708" value="0"/>
    <entity index="709" value="0"/>
    <entity index="710" value="0"/>
    <entity index="711" value="0"/>
    <entity index="712" value="0"/>
    <entity index="713" value="0"/>
    <entity index="714" value="0"/>
    <entity index="715" value="0"/>
    <entity index="716" value="0"/>
    <entity index="717" value="0"/>
    <entity index="718" value="0"/>
    <entity index="719" value="0"/>
    <entity index="720" value="0"/>
    <entity index="721" value="0"/>
    <entity index="722" value="0"/>
    <entity index="723" value="0"/>
    <entity index="724" value="0"/>
    <entity index="725" value="0"/>
    <entity index="726" value="0"/>
    <entity index="727" value="0"/>
    <entity index="728" value="0"/>
    <entity index="729" value="0"/>
    <entity index="730" value="0"/>
    <entity index="731" value="0"/>
    <entity index="732" value="0"/>
    <entity index="733" value="0"/>
    <entity index="734" value="0"/>
    <entity index="735" value="0"/>
    <entity index="736" value="0"/>
    <entity index="737" value="0"/>
    <entity index="738" value="0"/>
    <entity index="739" value="0"/>
    <entity index="740" value="0"/>
    <entity index="741" value="0"/>
    <entity index="742" value="0"/>
    <entity index="743" value="0"/>
    <entity index="744" value="0"/>
    <entity index="745" value="0"/>
    <entity index="746" value="0"/>
    <entity index="747" value="0"/>
    <entity index="748" value="0"/>
    <entity index="749" value="0"/>
    <entity index="750" value="0"/>
    <entity index="751" value="0"/>
    <entity index="752" value="0"/>
    <entity index="753" value="0"/>
    <entity index="754" value="0"/>
    <entity index="755" value="0"/>
    <entity index="756" value="0"/>
    <entity index="757" value="0"/>
    <entity index="758" value="0"/>
    <entity index="759" value="0"/>
    <entity index="760" value="0"/>
    <entity index="761" value="0"/>
    <entity index="762" value="0"/>
    <entity index="763" value="0"/>
    <entity index="764" value="0"/>
    <entity index="765" value="0"/>
    <entity index="766" value="0"/>
    <entity index="767" value="0"/>
    <entity index="768" value="0"/>
    <entity index="769" value="0"/>
    <entity index="770" value="0"/>
    <entity index="771" value="0"/>
    <entity index="772" value="0"/>
    <entity index="773" value="0"/>
    <entity index="774" value="0"/>
    <entity index="775" value="0"/>
    <entity index="776" value="0"/>
    <entity index="777" value="0"/>
    <entity index="778" value="0"/>
    <entity index="779" value="0"/>
    <entity index="780" value="0"/>
    <entity index="781" value="0"/>
    <entity index="782" value="0"/>
    <entity index="783" value="0"/>
    <entity index="784" value="0"/>
    <entity index="785" value="0"/>
    <entity index="786" value="0"/>
    <entity index="787" value="0"/>
    <entity index="788" value="0"/>
    <entity index="789" value="0"/>
    <entity index="790" value="0"/>
    <entity index="791" value="0"/>
    <entity index="792" value="0"/>
    <entity index="793" value="0"/>
    <entity index="794" value="0"/>
    <entity index="795" value="0"/>
    <entity index="796" value="0"/>
    <entity index="797" value="0"/>
    <entity index="798" value="0"/>
    <entity index="799" value="0"/>
    <entity index="800" value="0"/>
    <entity index="801" value="0"/>
    <entity index="802" value="0"/>
    <entity index="803" value="0"/>
    <entity index="804" value="0"/>
    <entity index="805" value="0"/>
    <entity index="806" value="0"/>
    <entity index="807" value="0"/>
    <entity index="808" value="0"/>
    <entity index="809" value="0"/>
    <entity index="810" value="0"/>
    <entity index="811" value="0"/>
    <entity index="812" value="0"/>
    <entity index="813" value="0"/>
    <entity index="814" value="0"/>
    <entity index="815" value="0"/>
    <entity index="816" value="0"/>
    <entity index="817" value="0"/>
    <entity index="818" value="0"/>
    <entity index="819" value="0"/>
    <entity index="820" value="0"/>
    <entity index="821" value="0"/>
    <entity index="822" value="0"/>
    <entity index="823" value="0"/>
    <entity index="824" value="0"/>
    <entity index="825" value="0"/>
    <entity index="826" value="0"/>
    <entity index="827" value="0"/>
    <entity index="828" value="0"/>
    <entity index="829" value="0"/>
    <entity index="830" value="0"/>
    <entity index="831" value="0"/>
    <entity index="832" value="0"/>
    <entity index="833" value="0"/>
    <entity index="834" value="0"/>
    <entity index="835" value="0"/>
    <entity index="836" value="0"/>
    <entity index="837" value="0"/>
    <entity index="838" value="0"/>
    <entity index="839" value="0"/>
    <entity index="840" value="0"/>
    <entity index="841" value="0"/>
    <entity index="842" value="0"/>
    <entity index="843" value="0"/>
    <entity index="844" value="0"/>
    <entity index="845" value="0"/>
    <entity index="846" value="0"/>
    <entity index="847" value="0"/>
    <entity index="848" value="0"/>
    <entity index="849" value="0"/>
    <entity index="850" value="0"/>
    <entity index="851" value="0"/>
    <entity index="852" value="0"/>
    <entity index="853" value="0"/>
    <entity index="854" value="0"/>
    <entity index="855" value="0"/>
    <entity index="856" value="0"/>
    <entity index="857" value="0"/>
    <entity index="858" value="0"/>
    <entity index="859" value="0"/>
    <entity index="860" value="0"/>
    <entity index="861" value="0"/>
    <entity index="862" value="0"/>
    <entity index="863" value="0"/>
    <entity index="864" value="0"/>
    <entity index="865" value="0"/>
    <entity index="866" value="0"/>
    <entity index="867" value="0"/>
    <entity index="868" value="0"/>
    <entity index="869" value="0"/>
    <entity index="870" value="0"/>
    <entity index="871" value="0"/>
    <entity index="872" value="0"/>
    <entity index="873" value="0"/>
    <entity index="874" value="0"/>
    <entity index="875" value="0"/>
    <entity index="876" value="0"/>
    <entity index="877" value="0"/>
    <entity index="878" value="0"/>
    <entity index="879" value="0"/>
    <entity index="880" value="0"/>
    <entity index="881" value="0"/>
    <entity index="882" value="0"/>
    <entity index="883" value="0"/>
    <entity index="884" value="0"/>
    <entity index="885" value="0"/>
    <entity index="886" value="0"/>
    <entity index="887" value="0"/>
    <entity index="888" value="0"/>
    <entity index="889" value="0"/>
    <entity index="890" value="0"/>
    <entity index="891" value="0"/>
    <entity index="892" value="0"/>
    <entity index="893" value="0"/>
    <entity index="894" value="0"/>
    <entity index="895" value="0"/>
    <entity index="896" value="0"/>
    <entity index="897" value="0"/>
    <entity index="898" value="0"/>
    <entity index="899" value="0"/>
    <entity index="900" value="0"/>
    <entity index="901" value="0"/>
    <entity index="902" value="0"/>
    <entity index="903" value="0"/>
    <entity index="904" value="0"/>
    <entity index="905" value="0"/>
    <entity index="906" value="0"/>
    <entity index="907" value="0"/>
    <entity index="908" value="0"/>
    <entity index="909" value="0"/>
    <entity index="910" value="0"/>
    <entity index="911" value="0"/>
    <entity index="912" value="0"/>
    <entity index="913" value="0"/>
    <entity index="914" value="0"/>
    <entity index="915" value="0"/>
    <entity index="916" value="0"/>
    <entity index="917" value="0"/>
    <entity index="918" value="0"/>
    <entity index="919" value="0"/>
    <entity index="920" value="0"/>
    <entity index="921" value="0"/>
    <entity index="922" value="0"/>
    <entity index="923" value="0"/>
    <entity index="924" value="0"/>
    <entity index="925" value="0"/>
    <entity index="926" value="0"/>
    <entity index="927" value="0"/>
    <entity index="928" value="0"/>
    <entity index="929" value="0"/>
    <entity index="930" value="0"/>
    <entity index="931" value="0"/>
    <entity index="932" value="0"/>
    <entity index="933" value="0"/>
    <entity index="934" value="0"/>
    <entity index="935" value="0"/>
    <entity index="936" value="0"/>
    <entity index="937" value="0"/>
    <entity index="938" value="0"/>
    <entity index="939" value="0"/>
    <entity index="940" value="0"/>
    <entity index="941" value="0"/>
    <entity index="942" value="0"/>
    <entity index="943" value="0"/>
    <entity index="944" value="0"/>
    <entity index="945" value="0"/>
    <entity index="946" value="0"/>
    <entity index="947" value="0"/>
    <entity index="948" value="0"/>
    <entity index="949" value="0"/>
    <entity index="950" value="0"/>
    <entity index="951" value="0"/>
    <entity index="952" value="0"/>
    <entity index="953" value="0"/>
    <entity index="954" value="0"/>
    <entity index="955" value="0"/>
    <entity index="956" value="0"/>
    <entity index="957" value="0"/>
    <entity index="958" value="0"/>
    <entity index="959" value="0"/>
    <entity index="960" value="0"/>
    <entity index="961" value="0"/>
    <entity index="962" value="0"/>
    <entity index="963" value="0"/>
    <entity index="964" value="0"/>
    <entity index="965" value="0"/>
    <entity index="966" value="0"/>
    <entity index="967" value="0"/>
    <entity index="968" value="0"/>
    <entity index="969" value="0"/>
    <entity index="970" value="0"/>
    <entity index="971" value="0"/>
    <entity index="972" value="0"/>
    <entity index="973" value="0"/>
    <entity index="974" value="0"/>
    <entity index="975" value="0"/>
    <entity index="976" value="0"/>
    <entity index="977" value="0"/>
    <entity index="978" value="0"/>
    <entity index="979" value="0"/>
    <entity index="980" value="0"/>
    <entity index="981" value="0"/>
    <entity index="982" value="0"/>
    <entity index="983" value="0"/>
    <entity index="984" value="0"/>
    <entity index="985" value="0"/>
    <entity index="986" value="0"/>
    <entity index="987" value="0"/>
    <entity index="988" value="0"/>
    <entity index="989" value="0"/>
    <entity index="990" value="0"/>
    <entity index="991" value="0"/>
    <entity index="992" value="0"/>
    <entity index="993" value="0"/>
    <entity index="994" value="0"/>
    <entity index="995" value="0"/>
    <entity index="996" value="0"/>
    <entity index="997" value="0"/>
    <entity index="998" value="0"/>
    <entity index="999" value="0"/>
    <entity index="1000" value="0"/>
    <entity index="1001" value="0"/>
    <entity index="1002" value="0"/>
    <entity index="1003" value="0"/>
    <entity index="1004" value="0"/>
    <entity index="1005" value="0"/>
    <entity index="1006" value="0"/>
    <entity index="1007" value="0"/>
    <entity index="1008" value="0"/>
    <entity index="1009" value="0"/>
    <entity index="1010" value="0"/>
    <entity index="1011" value="0"/>
    <entity index="1012" value="0"/>
    <entity index="1013" value="0"/>
    <entity index="1014" value="0"/>
    <entity index="1015" value="0"/>
    <entity index="1016" value="0"/>
    <entity index="1017" value="0"/>
    <entity index="1018" value="0"/>
    <entity index="1019" value="0"/>
    <entity index="1020" value="0"/>
    <entity index="1021" value="0"/>
    <entity index="1022" value="0"/>
    <entity index="1023" value="0"/>
    <entity index="1024" value="0"/>
    <entity index="1025" value="0"/>
    <entity index="1026" value="0"/>
    <entity index="1027" value="0"/>
    <entity index="1028" value="0"/>
    <entity index="1029" value="0"/>
    <entity index="1030" value="0"/>
    <entity index="1031" value="0"/>
    <entity index="1032" value="0"/>
    <entity index="1033" value="0"/>
    <entity index="1034" value="0"/>
    <entity index="1035" value="0"/>
    <entity index="1036" value="0"/>
    <entity index="1037" value="0"/>
    <entity index="1038" value="0"/>
    <entity index="1039" value="0"/>
    <entity index="1040" value="0"/>
    <entity index="1041" value="0"/>
    <entity index="1042" value="0"/>
    <entity index="1043" value="0"/>
    <entity index="1044" value="0"/>
    <entity index="1045" value="0"/>
    <entity index="1046" value="0"/>
    <entity index="1047" value="0"/>
    <entity index="1048" value="0"/>
    <entity index="1049" value="0"/>
    <entity index="1050" value="0"/>
    <entity index="1051" value="0"/>
    <entity index="1052" value="0"/>
    <entity index="1053" value="0"/>
    <entity index="1054" value="0"/>
    <entity index="1055" value="0"/>
    <entity index="1056" value="0"/>
    <entity index="1057" value="0"/>
    <entity index="1058" value="0"/>
    <entity index="1059" value="0"/>
    <entity index="1060" value="0"/>
    <entity index="1061" value="0"/>
    <entity index="1062" value="0"/>
    <entity index="1063" value="0"/>
    <entity index="1064" value="0"/>
    <entity index="1065" value="0"/>
    <entity index="1066" value="0"/>
    <entity index="1067" value="0"/>
    <entity index="1068" value="0"/>
    <entity index="1069" value="0"/>
    <entity index="1070" value="0"/>
    <entity index="1071" value="0"/>
    <entity index="1072" value="0"/>
    <entity index="1073" value="0"/>
    <entity index="1074" value="0"/>
    <entity index="1075" value="0"/>
    <entity index="1076" value="0"/>
    <entity index="1077" value="0"/>
    <entity index="1078" value="0"/>
    <entity index="1079" value="0"/>
    <entity index="1080" value="0"/>
    <entity index="1081" value="0"/>
    <entity index="1082" value="0"/>
    <entity index="1083" value="0"/>
    <entity index="1084" value="0"/>
    <entity index="1085" value="0"/>
    <entity index="1086" value="0"/>
    <entity index="1087" value="0"/>
    <entity index="1088" value="0"/>
    <entity index="1089" value="0"/>
    <entity index="1090" value="0"/>
    <entity index="1091" value="0"/>
    <entity index="1092" value="0"/>
    <entity index="1093" value="0"/>
    <entity index="1094" value="0"/>
    <entity index="1095" value="0"/>
    <entity index="1096" value="0"/>
    <entity index="1097" value="0"/>
    <entity index="1098" value="0"/>
    <entity index="1099" value="0"/>
    <entity index="1100" value="0"/>
    <entity index="1101" value="0"/>
    <entity index="1102" value="0"/>
    <entity index="1103" value="0"/>
    <entity index="1104" value="0"/>
    <entity index="1105" value="0"/>
    <entity index="1106" value="0"/>
    <entity index="1107" value="0"/>
    <entity index="1108" value="0"/>
    <entity index="1109" value="0"/>
    <entity index="1110" value="0"/>
    <entity index="1111" value="0"/>
    <entity index="1112" value="0"/>
    <entity index="1113" value="0"/>
    <entity index="1114" value="0"/>
    <entity index="1115" value="0"/>
    <entity index="1116" value="0"/>
    <entity index="1117" value="0"/>
    <entity index="1118" value="0"/>
    <entity index="1119" value="0"/>
    <entity index="1120" value="0"/>
    <entity index="1121" value="0"/>
    <entity index="1122" value="0"/>
    <entity index="1123" value="0"/>
    <entity index="1124" value="0"/>
    <entity index="1125" value="0"/>
    <entity index="1126" value="0"/>
    <entity index="1127" value="0"/>
    <entity index="1128" value="0"/>
    <entity index="1129" value="0"/>
    <entity index="1130" value="0"/>
    <entity index="1131" value="0"/>
    <entity index="1132" value="0"/>
    <entity index="1133" value="0"/>
    <entity index="1134" value="0"/>
    <entity index="1135" value="0"/>
    <entity index="1136" value="0"/>
    <entity index="1137" value="0"/>
    <entity index="1138" value="0"/>
    <entity index="1139" value="0"/>
    <entity index="1140" value="0"/>
    <entity index="1141" value="0"/>
    <entity index="1142" value="0"/>
    <entity index="1143" value="0"/>
    <entity index="1144" value="0"/>
    <entity index="1145" value="0"/>
    <entity index="1146" value="0"/>
    <entity index="1147" value="0"/>
    <entity index="1148" value="0"/>
    <entity index="1149" value="0"/>
    <entity index="1150" value="0"/>
    <entity index="1151" value="0"/>
    <entity index="1152" value="0"/>
    <entity index="1153" value="0"/>
    <entity index="1154" value="0"/>
    <entity index="1155" value="0"/>
    <entity index="1156" value="0"/>
    <entity index="1157" value="0"/>
    <entity index="1158" value="0"/>
    <entity index="1159" value="0"/>
    <entity index="1160" value="0"/>
    <entity index="1161" value="0"/>
    <entity index="1162" value="0"/>
    <entity index="1163" value="0"/>
    <entity index="1164" value="0"/>
    <entity index="1165" value="0"/>
    <entity index="1166" value="0"/>
    <entity index="1167" value="0"/>
    <entity index="1168" value="0"/>
    <entity index="1169" value="0"/>
    <entity index="1170" value="0"/>
    <entity index="1171" value="0"/>
    <entity index="1172" value="0"/>
    <entity index="1173" value="0"/>
    <entity index="1174" value="0"/>
    <entity index="1175" value="0"/>
    <entity index="1176" value="0"/>
    <entity index="1177" value="0"/>
    <entity index="1178" value="0"/>
    <entity index="1179" value="0"/>
    <entity index="1180" value="0"/>
    <entity index="1181" value="0"/>
    <entity index="1182" value="0"/>
    <entity index="1183" value="0"/>
    <entity index="1184" value="0"/>
    <entity index="1185" value="0"/>
    <entity index="1186" value="0"/>
    <entity index="1187" value="0"/>
    <entity index="1188" value="0"/>
    <entity index="1189" value="0"/>
    <entity index="1190" value="0"/>
    <entity index="1191" value="0"/>
    <entity index="1192" value="0"/>
    <entity index="1193" value="0"/>
    <entity index="1194" value="0"/>
    <entity index="1195" value="0"/>
    <entity index="1196" value="0"/>
    <entity index="1197" value="0"/>
    <entity index="1198" value="0"/>
    <entity index="1199" value="0"/>
    <entity index="1200" value="0"/>
    <entity index="1201" value="0"/>
    <entity index="1202" value="0"/>
    <entity index="1203" value="0"/>
    <entity index="1204" value="0"/>
    <entity index="1205" value="0"/>
    <entity index="1206" value="0"/>
    <entity index="1207" value="0"/>
    <entity index="1208" value="0"/>
    <entity index="1209" value="0"/>
    <entity index="1210" value="0"/>
    <entity index="1211" value="0"/>
    <entity index="1212" value="0"/>
    <entity index="1213" value="0"/>
    <entity index="1214" value="0"/>
    <entity index="1215" value="0"/>
    <entity index="1216" value="0"/>
    <entity index="1217" value="0"/>
    <entity index="1218" value="0"/>
    <entity index="1219" value="0"/>
    <entity index="1220" value="0"/>
    <entity index="1221" value="0"/>
    <entity index="1222" value="0"/>
    <entity index="1223" value="0"/>
    <entity index="1224" value="0"/>
    <entity index="1225" value="0"/>
    <entity index="1226" value="0"/>
    <entity index="1227" value="0"/>
    <entity index="1228" value="0"/>
    <entity index="1229" value="0"/>
    <entity index="1230" value="0"/>
    <entity index="1231" value="0"/>
    <entity index="1232" value="0"/>
    <entity index="1233" value="0"/>
    <entity index="1234" value="0"/>
    <entity index="1235" value="0"/>
    <entity index="1236" value="0"/>
    <entity index="1237" value="0"/>
    <entity index="1238" value="0"/>
    <entity index="1239" value="0"/>
    <entity index="1240" value="0"/>
    <entity index="1241" value="0"/>
    <entity index="1242" value="0"/>
    <entity index="1243" value="0"/>
    <entity index="1244" value="0"/>
    <entity index="1245" value="0"/>
    <entity index="1246" value="0"/>
    <entity index="1247" value="0"/>
    <entity index="1248" value="0"/>
    <entity index="1249" value="0"/>
    <entity index="1250" value="0"/>
    <entity index="1251" value="0"/>
    <entity index="1252" value="0"/>
    <entity index="1253" value="0"/>
    <entity index="1254" value="0"/>
    <entity index="1255" value="0"/>
    <entity index="1256" value="0"/>
    <entity index="1257" value="0"/>
    <entity index="1258" value="0"/>
    <entity index="1259" value="0"/>
    <entity index="1260" value="0"/>
    <entity index="1261" value="0"/>
    <entity index="1262" value="0"/>
    <entity index="1263" value="0"/>
    <entity index="1264" value="0"/>
    <entity index="1265" value="0"/>
    <entity index="1266" value="0"/>
    <entity index="1267" value="0"/>
    <entity index="1268" value="0"/>
    <entity index="1269" value="0"/>
    <entity index="1270" value="0"/>
    <entity index="1271" value="0"/>
    <entity index="1272" value="0"/>
    <entity index="1273" value="0"/>
    <entity index="1274" value="0"/>
    <entity index="1275" value="0"/>
    <entity index="1276" value="0"/>
    <entity index="1277" value="0"/>
    <entity index="1278" value="0"/>
    <entity index="1279" value="0"/>
    <entity index="1280" value="0"/>
    <entity index="1281" value="0"/>
    <entity index="1282" value="0"/>
    <entity index="1283" value="0"/>
    <entity index="1284" value="0"/>
    <entity index="1285" value="0"/>
    <entity index="1286" value="0"/>
    <entity index="1287" value="0"/>
    <entity index="1288" value="0"/>
    <entity index="1289" value="0"/>
    <entity index="1290" value="0"/>
    <entity index="1291" value="0"/>
    <entity index="1292" value="0"/>
    <entity index="1293" value="0"/>
    <entity index="1294" value="0"/>
    <entity index="1295" value="0"/>
    <entity index="1296" value="0"/>
    <entity index="1297" value="0"/>
    <entity index="1298" value="0"/>
    <entity index="1299" value="0"/>
    <entity index="1300" value="0"/>
    <entity index="1301" value="0"/>
    <entity index="1302" value="0"/>
    <entity index="1303" value="0"/>
    <entity index="1304" value="0"/>
    <entity index="1305" value="0"/>
    <entity index="1306" value="0"/>
    <entity index="1307" value="0"/>
    <entity index="1308" value="0"/>
    <entity index="1309" value="0"/>
    <entity index="1310" value="0"/>
    <entity index="1311" value="0"/>
    <entity index="1312" value="0"/>
    <entity index="1313" value="0"/>
    <entity index="1314" value="0"/>
    <entity index="1315" value="0"/>
    <entity index="1316" value="0"/>
    <entity index="1317" value="0"/>
    <entity index="1318" value="0"/>
    <entity index="1319" value="0"/>
    <entity index="1320" value="0"/>
    <entity index="1321" value="0"/>
    <entity index="1322" value="0"/>
    <entity index="1323" value="0"/>
    <entity index="1324" value="0"/>
    <entity index="1325" value="0"/>
    <entity index="1326" value="0"/>
    <entity index="1327" value="0"/>
    <entity index="1328" value="0"/>
    <entity index="1329" value="0"/>
    <entity index="1330" value="0"/>
    <entity index="1331" value="0"/>
    <entity index="1332" value="0"/>
    <entity index="1333" value="0"/>
    <entity index="1334" value="0"/>
    <entity index="1335" value="0"/>
    <entity index="1336" value="0"/>
    <entity index="1337" value="0"/>
    <entity index="1338" value="0"/>
    <entity index="1339" value="0"/>
    <entity index="1340" value="0"/>
    <entity index="1341" value="0"/>
    <entity index="1342" value="0"/>
    <entity index="1343" value="0"/>
    <entity index="1344" value="0"/>
    <entity index="1345" value="0"/>
    <entity index="1346" value="0"/>
    <entity index="1347" value="0"/>
    <entity index="1348" value="0"/>
    <entity index="1349" value="0"/>
    <entity index="1350" value="0"/>
    <entity index="1351" value="0"/>
    <entity index="1352" value="0"/>
    <entity index="1353" value="0"/>
    <entity index="1354" value="0"/>
    <entity index="1355" value="0"/>
    <entity index="1356" value="0"/>
    <entity index="1357" value="0"/>
    <entity index="1358" value="0"/>
    <entity index="1359" value="0"/>
    <entity index="1360" value="0"/>
    <entity index="1361" value="0"/>
    <entity index="1362" value="0"/>
    <entity index="1363" value="0"/>
    <entity index="1364" value="0"/>
    <entity index="1365" value="0"/>
    <entity index="1366" value="0"/>
    <entity index="1367" value="0"/>
    <entity index="1368" value="0"/>
    <entity index="1369" value="0"/>
    <entity index="1370" value="0"/>
    <entity index="1371" value="0"/>
    <entity index="1372" value="0"/>
    <entity index="1373" value="0"/>
    <entity index="1374" value="0"/>
    <entity index="1375" value="0"/>
    <entity index="1376" value="0"/>
    <entity index="1377" value="0"/>
    <entity index="1378" value="0"/>
    <entity index="1379" value="0"/>
    <entity index="1380" value="0"/>
    <entity index="1381" value="0"/>
    <entity index="1382" value="0"/>
    <entity index="1383" value="0"/>
    <entity index="1384" value="0"/>
    <entity index="1385" value="0"/>
    <entity index="1386" value="0"/>
    <entity index="1387" value="0"/>
    <entity index="1388" value="0"/>
    <entity index="1389" value="0"/>
    <entity index="1390" value="0"/>
    <entity index="1391" value="0"/>
    <entity index="1392" value="0"/>
    <entity index="1393" value="0"/>
    <entity index="1394" value="0"/>
    <entity index="1395" value="0"/>
    <entity index="1396" value="0"/>
    <entity index="1397" value="0"/>
    <entity index="1398" value="0"/>
    <entity index="1399" value="0"/>
    <entity index="1400" value="0"/>
    <entity index="1401" value="0"/>
    <entity index="1402" value="0"/>
    <entity index="1403" value="0"/>
    <entity index="1404" value="0"/>
    <entity index="1405" value="0"/>
    <entity index="1406" value="0"/>
    <entity index="1407" value="0"/>
    <entity index="1408" value="0"/>
    <entity index="1409" value="0"/>
    <entity index="1410" value="0"/>
    <entity index="1411" value="0"/>
    <entity index="1412" value="0"/>
    <entity index="1413" value="0"/>
    <entity index="1414" value="0"/>
    <entity index="1415" value="0"/>
    <entity index="1416" value="0"/>
    <entity index="1417" value="0"/>
    <entity index="1418" value="0"/>
    <entity index="1419" value="0"/>
    <entity index="1420" value="0"/>
    <entity index="1421" value="0"/>
    <entity index="1422" value="0"/>
    <entity index="1423" value="0"/>
    <entity index="1424" value="0"/>
    <entity index="1425" value="0"/>
    <entity index="1426" value="0"/>
    <entity index="1427" value="0"/>
    <entity index="1428" value="0"/>
    <entity index="1429" value="0"/>
    <entity index="1430" value="0"/>
    <entity index="1431" value="0"/>
    <entity index="1432" value="0"/>
    <entity index="1433" value="0"/>
    <entity index="1434" value="0"/>
    <entity index="1435" value="0"/>
    <entity index="1436" value="0"/>
    <entity index="1437" value="0"/>
    <entity index="1438" value="0"/>
    <entity index="1439" value="0"/>
    <entity index="1440" value="0"/>
    <entity index="1441" value="0"/>
    <entity index="1442" value="0"/>
    <entity index="1443" value="0"/>
    <entity index="1444" value="0"/>
    <entity index="1445" value="0"/>
    <entity index="1446" value="0"/>
    <entity index="1447" value="0"/>
    <entity index="1448" value="0"/>
    <entity index="1449" value="0"/>
    <entity index="1450" value="0"/>
    <entity index="1451" value="0"/>
    <entity index="1452" value="0"/>
    <entity index="1453" value="0"/>
    <entity index="1454" value="0"/>
    <entity index="1455" value="0"/>
    <entity index="1456" value="0"/>
    <entity index="1457" value="0"/>
    <entity index="1458" value="0"/>
    <entity index="1459" value="0"/>
    <entity index="1460" value="0"/>
    <entity index="1461" value="0"/>
    <entity index="1462" value="0"/>
    <entity index="1463" value="0"/>
    <entity index="1464" value="0"/>
    <entity index="1465" value="0"/>
    <entity index="1466" value="0"/>
    <entity index="1467" value="0"/>
    <entity index="1468" value="0"/>
    <entity index="1469" value="0"/>
    <entity index="1470" value="0"/>
    <entity index="1471" value="0"/>
    <entity index="1472" value="0"/>
    <entity index="1473" value="0"/>
    <entity index="1474" value="0"/>
    <entity index="1475" value="0"/>
    <entity index="1476" value="0"/>
    <entity index="1477" value="0"/>
    <entity index="1478" value="0"/>
    <entity index="1479" value="0"/>
    <entity index="1480" value="0"/>
    <entity index="1481" value="0"/>
    <entity index="1482" value="0"/>
    <entity index="1483" value="0"/>
    <entity index="1484" value="0"/>
    <entity index="1485" value="0"/>
    <entity index="1486" value="0"/>
    <entity index="1487" value="0"/>
    <entity index="1488" value="0"/>
    <entity index="1489" value="0"/>
    <entity index="1490" value="0"/>
    <entity index="1491" value="0"/>
    <entity index="1492" value="0"/>
    <entity index="1493" value="0"/>
    <entity index="1494" value="0"/>
    <entity index="1495" value="0"/>
    <entity index="1496" value="0"/>
    <entity index="1497" value="0"/>
    <entity index="1498" value="0"/>
    <entity index="1499" value="0"/>
    <entity index="1500" value="0"/>
    <entity index="1501" value="0"/>
    <entity index="1502" value="0"/>
    <entity index="1503" value="0"/>
    <entity index="1504" value="0"/>
    <entity index="1505" value="0"/>
    <entity index="1506" value="0"/>
    <entity index="1507" value="0"/>
    <entity index="1508" value="0"/>
    <entity index="1509" value="0"/>
    <entity index="1510" value="0"/>
    <entity index="1511" value="0"/>
    <entity index="1512" value="0"/>
    <entity index="1513" value="0"/>
    <entity index="1514" value="0"/>
    <entity index="1515" value="0"/>
    <entity index="1516" value="0"/>
    <entity index="1517" value="0"/>
    <entity index="1518" value="0"/>
    <entity index="1519" value="0"/>
    <entity index="1520" value="0"/>
    <entity index="1521" value="0"/>
    <entity index="1522" value="0"/>
    <entity index="1523" value="0"/>
    <entity index="1524" value="0"/>
    <entity index="1525" value="0"/>
    <entity index="1526" value="0"/>
    <entity index="1527" value="0"/>
    <entity index="1528" value="0"/>
    <entity index="1529" value="0"/>
    <entity index="1530" value="0"/>
    <entity index="1531" value="0"/>
    <entity index="1532" value="0"/>
    <entity index="1533" value="0"/>
    <entity index="1534" value="0"/>
    <entity index="1535" value="0"/>
    <entity index="1536" value="0"/>
    <entity index="1537" value="0"/>
    <entity index="1538" value="0"/>
    <entity index="1539" value="0"/>
    <entity index="1540" value="0"/>
    <entity index="1541" value="0"/>
    <entity index="1542" value="0"/>
    <entity index="1543" value="0"/>
    <entity index="1544" value="0"/>
    <entity index="1545" value="0"/>
    <entity index="1546" value="0"/>
    <entity index="1547" value="0"/>
    <entity index="1548" value="0"/>
    <entity index="1549" value="0"/>
    <entity index="1550" value="0"/>
    <entity index="1551" value="0"/>
    <entity index="1552" value="0"/>
    <entity index="1553" value="0"/>
    <entity index="1554" value="0"/>
    <entity index="1555" value="0"/>
    <entity index="1556" value="0"/>
    <entity index="1557" value="0"/>
    <entity index="1558" value="0"/>
    <entity index="1559" value="0"/>
    <entity index="1560" value="0"/>
    <entity index="1561" value="0"/>
    <entity index="1562" value="0"/>
    <entity index="1563" value="0"/>
    <entity index="1564" value="0"/>
    <entity index="1565" value="0"/>
    <entity index="1566" value="0"/>
    <entity index="1567" value="0"/>
    <entity index="1568" value="0"/>
    <entity index="1569" value="0"/>
    <entity index="1570" value="0"/>
    <entity index="1571" value="0"/>
    <entity index="1572" value="0"/>
    <entity index="1573" value="0"/>
    <entity index="1574" value="0"/>
    <entity index="1575" value="0"/>
    <entity index="1576" value="0"/>
    <entity index="1577" value="0"/>
    <entity index="1578" value="0"/>
    <entity index="1579" value="0"/>
    <entity index="1580" value="0"/>
    <entity index="1581" value="0"/>
    <entity index="1582" value="0"/>
    <entity index="1583" value="0"/>
    <entity index="1584" value="0"/>
    <entity index="1585" value="0"/>
    <entity index="1586" value="0"/>
    <entity index="1587" value="0"/>
    <entity index="1588" value="0"/>
    <entity index="1589" value="0"/>
    <entity index="1590" value="0"/>
    <entity index="1591" value="0"/>
    <entity index="1592" value="0"/>
    <entity index="1593" value="0"/>
    <entity index="1594" value="0"/>
    <entity index="1595" value="0"/>
    <entity index="1596" value="0"/>
    <entity index="1597" value="0"/>
    <entity index="1598" value="0"/>
    <entity index="1599" value="0"/>
    <entity index="1600" value="0"/>
    <entity index="1601" value="0"/>
    <entity index="1602" value="0"/>
    <entity index="1603" value="0"/>
    <entity index="1604" value="0"/>
    <entity index="1605" value="0"/>
    <entity index="1606" value="0"/>
    <entity index="1607" value="0"/>
    <entity index="1608" value="0"/>
    <entity index="1609" value="0"/>
    <entity index="1610" value="0"/>
    <entity index="1611" value="0"/>
    <entity index="1612" value="0"/>
    <entity index="1613" value="0"/>
    <entity index="1614" value="0"/>
    <entity index="1615" value="0"/>
    <entity index="1616" value="0"/>
    <entity index="1617" value="0"/>
    <entity index="1618" value="0"/>
    <entity index="1619" value="0"/>
    <entity index="1620" value="0"/>
    <entity index="1621" value="0"/>
    <entity index="1622" value="0"/>
    <entity index="1623" value="0"/>
    <entity index="1624" value="0"/>
    <entity index="1625" value="0"/>
    <entity index="1626" value="0"/>
    <entity index="1627" value="0"/>
    <entity index="1628" value="0"/>
    <entity index="1629" value="0"/>
    <entity index="1630" value="0"/>
    <entity index="1631" value="0"/>
    <entity index="1632" value="0"/>
    <entity index="1633" value="0"/>
    <entity index="1634" value="0"/>
    <entity index="1635" value="0"/>
    <entity index="1636" value="0"/>
    <entity index="1637" value="0"/>
    <entity index="1638" value="0"/>
    <entity index="1639" value="0"/>
    <entity index="1640" value="0"/>
    <entity index="1641" value="0"/>
    <entity index="1642" value="0"/>
    <entity index="1643" value="0"/>
    <entity index="1644" value="0"/>
    <entity index="1645" value="0"/>
    <entity index="1646" value="0"/>
    <entity index="1647" value="0"/>
    <entity index="1648" value="0"/>
    <entity index="1649" value="0"/>
    <entity index="1650" value="0"/>
    <entity index="1651" value="0"/>
    <entity index="1652" value="0"/>
    <entity index="1653" value="0"/>
    <entity index="1654" value="0"/>
    <entity index="1655" value="0"/>
    <entity index="1656" value="0"/>
    <entity index="1657" value="0"/>
    <entity index="1658" value="0"/>
    <entity index="1659" value="0"/>
    <entity index="1660" value="0"/>
    <entity index="1661" value="0"/>
    <entity index="1662" value="0"/>
    <entity index="1663" value="0"/>
    <entity index="1664" value="0"/>
    <entity index="1665" value="0"/>
    <entity index="1666" value="0"/>
    <entity index="1667" value="0"/>
    <entity index="1668" value="0"/>
    <entity index="1669" value="0"/>
    <entity index="1670" value="0"/>
    <entity index="1671" value="0"/>
    <entity index="1672" value="0"/>
    <entity index="1673" value="0"/>
    <entity index="1674" value="0"/>
    <entity index="1675" value="0"/>
    <entity index="1676" value="0"/>
    <entity index="1677" value="0"/>
    <entity index="1678" value="0"/>
    <entity index="1679" value="0"/>
    <entity index="1680" value="0"/>
    <entity index="1681" value="0"/>
    <entity index="1682" value="0"/>
    <entity index="1683" value="0"/>
    <entity index="1684" value="0"/>
    <entity index="1685" value="0"/>
    <entity index="1686" value="0"/>
    <entity index="1687" value="0"/>
    <entity index="1688" value="0"/>
    <entity index="1689" value="0"/>
    <entity index="1690" value="0"/>
    <entity index="1691" value="0"/>
    <entity index="1692" value="0"/>
    <entity index="1693" value="0"/>
    <entity index="1694" value="0"/>
    <entity index="1695" value="0"/>
    <entity index="1696" value="0"/>
    <entity index="1697" value="0"/>
    <entity index="1698" value="0"/>
    <entity index="1699" value="0"/>
    <entity index="1700" value="0"/>
    <entity index="1701" value="0"/>
    <entity index="1702" value="0"/>
    <entity index="1703" value="0"/>
    <entity index="1704" value="0"/>
    <entity index="1705" value="0"/>
    <entity index="1706" value="0"/>
    <entity index="1707" value="0"/>
    <entity index="1708" value="0"/>
    <entity index="1709" value="0"/>
    <entity index="1710" value="0"/>
    <entity index="1711" value="0"/>
    <entity index="1712" value="0"/>
    <entity index="1713" value="0"/>
    <entity index="1714" value="0"/>
    <entity index="1715" value="0"/>
    <entity index="1716" value="0"/>
    <entity index="1717" value="0"/>
    <entity index="1718" value="0"/>
    <entity index="1719" value="0"/>
    <entity index="1720" value="0"/>
    <entity index="1721" value="0"/>
    <entity index="1722" value="0"/>
    <entity index="1723" value="0"/>
    <entity index="1724" value="0"/>
    <entity index="1725" value="0"/>
    <entity index="1726" value="0"/>
    <entity index="1727" value="0"/>
    <entity index="1728" value="0"/>
    <entity index="1729" value="0"/>
    <entity index="1730" value="0"/>
    <entity index="1731" value="0"/>
    <entity index="1732" value="0"/>
    <entity index="1733" value="0"/>
    <entity index="1734" value="0"/>
    <entity index="1735" value="0"/>
    <entity index="1736" value="0"/>
    <entity index="1737" value="0"/>
    <entity index="1738" value="0"/>
    <entity index="1739" value="0"/>
    <entity index="1740" value="0"/>
    <entity index="1741" value="0"/>
    <entity index="1742" value="0"/>
    <entity index="1743" value="0"/>
    <entity index="1744" value="0"/>
    <entity index="1745" value="0"/>
    <entity index="1746" value="0"/>
    <entity index="1747" value="0"/>
    <entity index="1748" value="0"/>
    <entity index="1749" value="0"/>
    <entity index="1750" value="0"/>
    <entity index="1751" value="0"/>
    <entity index="1752" value="0"/>
    <entity index="1753" value="0"/>
    <entity index="1754" value="0"/>
    <entity index="1755" value="0"/>
    <entity index="1756" value="0"/>
    <entity index="1757" value="0"/>
    <entity index="1758" value="0"/>
    <entity index="1759" value="0"/>
    <entity index="1760" value="0"/>
    <entity index="1761" value="0"/>
    <entity index="1762" value="0"/>
    <entity index="1763" value="0"/>
    <entity index="1764" value="0"/>
    <entity index="1765" value="0"/>
    <entity index="1766" value="0"/>
    <entity index="1767" value="0"/>
    <entity index="1768" value="0"/>
    <entity index="1769" value="0"/>
    <entity index="1770" value="0"/>
    <entity index="1771" value="0"/>
    <entity index="1772" value="0"/>
    <entity index="1773" value="0"/>
    <entity index="1774" value="0"/>
    <entity index="1775" value="0"/>
    <entity index="1776" value="0"/>
    <entity index="1777" value="0"/>
    <entity index="1778" value="0"/>
    <entity index="1779" value="0"/>
    <entity index="1780" value="0"/>
    <entity index="1781" value="0"/>
    <entity index="1782" value="0"/>
    <entity index="1783" value="0"/>
    <entity index="1784" value="0"/>
    <entity index="1785" value="0"/>
    <entity index="1786" value="0"/>
    <entity index="1787" value="0"/>
    <entity index="1788" value="0"/>
    <entity index="1789" value="0"/>
    <entity index="1790" value="0"/>
    <entity index="1791" value="0"/>
    <entity index="1792" value="0"/>
    <entity index="1793" value="0"/>
    <entity index="1794" value="0"/>
    <entity index="1795" value="0"/>
    <entity index="1796" value="0"/>
    <entity index="1797" value="0"/>
    <entity index="1798" value="0"/>
    <entity index="1799" value="0"/>
    <entity index="1800" value="0"/>
    <entity index="1801" value="0"/>
    <entity index="1802" value="0"/>
    <entity index="1803" value="0"/>
    <entity index="1804" value="0"/>
    <entity index="1805" value="0"/>
    <entity index="1806" value="0"/>
    <entity index="1807" value="0"/>
    <entity index="1808" value="0"/>
    <entity index="1809" value="0"/>
    <entity index="1810" value="0"/>
    <entity index="1811" value="0"/>
    <entity index="1812" value="0"/>
    <entity index="1813" value="0"/>
    <entity index="1814" value="0"/>
    <entity index="1815" value="0"/>
    <entity index="1816" value="0"/>
    <entity index="1817" value="0"/>
    <entity index="1818" value="0"/>
    <entity index="1819" value="0"/>
    <entity index="1820" value="0"/>
    <entity index="1821" value="0"/>
    <entity index="1822" value="0"/>
    <entity index="1823" value="0"/>
    <entity index="1824" value="0"/>
    <entity index="1825" value="0"/>
    <entity index="1826" value="0"/>
    <entity index="1827" value="0"/>
    <entity index="1828" value="0"/>
    <entity index="1829" value="0"/>
    <entity index="1830" value="0"/>
    <entity index="1831" value="0"/>
    <entity index="1832" value="0"/>
    <entity index="1833" value="0"/>
    <entity index="1834" value="0"/>
    <entity index="1835" value="0"/>
    <entity index="1836" value="0"/>
    <entity index="1837" value="0"/>
    <entity index="1838" value="0"/>
    <entity index="1839" value="0"/>
    <entity index="1840" value="0"/>
    <entity index="1841" value="0"/>
    <entity index="1842" value="0"/>
    <entity index="1843" value="0"/>
    <entity index="1844" value="0"/>
    <entity index="1845" value="0"/>
    <entity index="1846" value="0"/>
    <entity index="1847" value="0"/>
    <entity index="1848" value="0"/>
    <entity index="1849" value="0"/>
    <entity index="1850" value="0"/>
    <entity index="1851" value="0"/>
    <entity index="1852" value="0"/>
    <entity index="1853" value="0"/>
    <entity index="1854" value="0"/>
    <entity index="1855" value="0"/>
    <entity index="1856" value="0"/>
    <entity index="1857" value="0"/>
    <entity index="1858" value="0"/>
    <entity index="1859" value="0"/>
    <entity index="1860" value="0"/>
    <entity index="1861" value="0"/>
    <entity index="1862" value="0"/>
    <entity index="1863" value="0"/>
    <entity index="1864" value="0"/>
    <entity index="1865" value="0"/>
    <entity index="1866" value="0"/>
    <entity index="1867" value="0"/>
    <entity index="1868" value="0"/>
    <entity index="1869" value="0"/>
    <entity index="1870" value="0"/>
    <entity index="1871" value="0"/>
    <entity index="1872" value="0"/>
    <entity index="1873" value="0"/>
    <entity index="1874" value="0"/>
    <entity index="1875" value="0"/>
    <entity index="1876" value="0"/>
    <entity index="1877" value="0"/>
    <entity index="1878" value="0"/>
    <entity index="1879" value="0"/>
    <entity index="1880" value="0"/>
    <entity index="1881" value="0"/>
    <entity index="1882" value="0"/>
    <entity index="1883" value="0"/>
    <entity index="1884" value="0"/>
    <entity index="1885" value="0"/>
    <entity index="1886" value="0"/>
    <entity index="1887" value="0"/>
    <entity index="1888" value="0"/>
    <entity index="1889" value="0"/>
    <entity index="1890" value="0"/>
    <entity index="1891" value="0"/>
    <entity index="1892" value="0"/>
    <entity index="1893" value="0"/>
    <entity index="1894" value="0"/>
    <entity index="1895" value="0"/>
    <entity index="1896" value="0"/>
    <entity index="1897" value="0"/>
    <entity index="1898" value="0"/>
    <entity index="1899" value="0"/>
    <entity index="1900" value="0"/>
    <entity index="1901" value="0"/>
    <entity index="1902" value="0"/>
    <entity index="1903" value="0"/>
    <entity index="1904" value="0"/>
    <entity index="1905" value="0"/>
    <entity index="1906" value="0"/>
    <entity index="1907" value="0"/>
    <entity index="1908" value="0"/>
    <entity index="1909" value="0"/>
    <entity index="1910" value="0"/>
    <entity index="1911" value="0"/>
    <entity index="1912" value="0"/>
    <entity index="1913" value="0"/>
    <entity index="1914" value="0"/>
    <entity index="1915" value="0"/>
    <entity index="1916" value="0"/>
    <entity index="1917" value="0"/>
    <entity index="1918" value="0"/>
    <entity index="1919" value="0"/>
    <entity index="1920" value="0"/>
    <entity index="1921" value="0"/>
    <entity index="1922" value="0"/>
    <entity index="1923" value="0"/>
    <entity index="1924" value="0"/>
    <entity index="1925" value="0"/>
    <entity index="1926" value="0"/>
    <entity index="1927" value="0"/>
    <entity index="1928" value="0"/>
    <entity index="1929" value="0"/>
    <entity index="1930" value="0"/>
    <entity index="1931" value="0"/>
    <entity index="1932" value="0"/>
    <entity index="1933" value="0"/>
    <entity index="1934" value="0"/>
    <entity index="1935" value="0"/>
    <entity index="1936" value="0"/>
    <entity index="1937" value="0"/>
    <entity index="1938" value="0"/>
    <entity index="1939" value="0"/>
    <entity index="1940" value="0"/>
    <entity index="1941" value="0"/>
    <entity index="1942" value="0"/>
    <entity index="1943" value="0"/>
    <entity index="1944" value="0"/>
    <entity index="1945" value="0"/>
    <entity index="1946" value="0"/>
    <entity index="1947" value="0"/>
    <entity index="1948" value="0"/>
    <entity index="1949" value="0"/>
    <entity index="1950" value="0"/>
    <entity index="1951" value="0"/>
    <entity index="1952" value="0"/>
    <entity index="1953" value="0"/>
    <entity index="1954" value="0"/>
    <entity index="1955" value="0"/>
    <entity index="1956" value="0"/>
    <entity index="1957" value="0"/>
    <entity index="1958" value="0"/>
    <entity index="1959" value="0"/>
    <entity index="1960" value="0"/>
    <entity index="1961" value="0"/>
    <entity index="1962" value="0"/>
    <entity index="1963" value="0"/>
    <entity index="1964" value="0"/>
    <entity index="1965" value="0"/>
    <entity index="1966" value="0"/>
    <entity index="1967" value="0"/>
    <entity index="1968" value="0"/>
    <entity index="1969" value="0"/>
    <entity index="1970" value="0"/>
    <entity index="1971" value="0"/>
    <entity index="1972" value="0"/>
    <entity index="1973" value="0"/>
    <entity index="1974" value="0"/>
    <entity index="1975" value="0"/>
    <entity index="1976" value="0"/>
    <entity index="1977" value="0"/>
    <entity index="1978" value="0"/>
    <entity index="1979" value="0"/>
    <entity index="1980" value="0"/>
    <entity index="1981" value="0"/>
    <entity index="1982" value="0"/>
    <entity index="1983" value="0"/>
    <entity index="1984" value="0"/>
    <entity index="1985" value="0"/>
    <entity index="1986" value="0"/>
    <entity index="1987" value="0"/>
    <entity index="1988" value="0"/>
    <entity index="1989" value="0"/>
    <entity index="1990" value="0"/>
    <entity index="1991" value="0"/>
    <entity index="1992" value="0"/>
    <entity index="1993" value="0"/>
    <entity index="1994" value="0"/>
    <entity index="1995" value="0"/>
    <entity index="1996" value="0"/>
    <entity index="1997" value="0"/>
    <entity index="1998" value="0"/>
    <entity index="1999" value="0"/>
    <entity index="2000" value="0"/>
    <entity index="2001" value="0"/>
    <entity index="2002" value="0"/>
    <entity index="2003" value="0"/>
    <entity index="2004" value="0"/>
    <entity index="2005" value="0"/>
    <entity index="2006" value="0"/>
    <entity index="2007" value="0"/>
    <entity index="2008" value="0"/>
    <entity index="2009" value="0"/>
    <entity index="2010" value="0"/>
    <entity index="2011" value="0"/>
    <entity index="2012" value="0"/>
    <entity index="2013" value="0"/>
    <entity index="2014" value="0"/>
    <entity index="2015" value="0"/>
    <entity index="2016" value="0"/>
    <entity index="2017" value="0"/>
    <entity index="2018" value="0"/>
    <entity index="2019" value="0"/>
    <entity index="2020" value="0"/>
    <entity index="2021" value="0"/>
    <entity index="2022" value="0"/>
    <entity index="2023" value="0"/>
    <entity index="2024" value="0"/>
    <entity index="2025" value="0"/>
    <entity index="2026" value="0"/>
    <entity index="2027" value="0"/>
    <entity index="2028" value="0"/>
    <entity index="2029" value="0"/>
    <entity index="2030" value="0"/>
    <entity index="2031" value="0"/>
    <entity index="2032" value="0"/>
    <entity index="2033" value="0"/>
    <entity index="2034" value="0"/>
    <entity index="2035" value="0"/>
    <entity index="2036" value="0"/>
    <entity index="2037" value="0"/>
    <entity index="2038" value="0"/>
    <entity index="2039" value="0"/>
    <entity index="2040" value="0"/>
    <entity index="2041" value="0"/>
    <entity index="2042" value="0"/>
    <entity index="2043" value="0"/>
    <entity index="2044" value="0"/>
    <entity index="2045" value="0"/>
    <entity index="2046" value="0"/>
    <entity index="2047" value="0"/>
    <entity index="2048" value="0"/>
    <entity index="2049" value="0"/>
    <entity index="2050" value="0"/>
    <entity index="2051" value="0"/>
    <entity index="2052" value="0"/>
    <entity index="2053" value="0"/>
    <entity index="2054" value="0"/>
    <entity index="2055" value="0"/>
    <entity index="2056" value="0"/>
    <entity index="2057" value="0"/>
    <entity index="2058" value="0"/>
    <entity index="2059" value="0"/>
    <entity index="2060" value="0"/>
    <entity index="2061" value="0"/>
    <entity index="2062" value="0"/>
    <entity index="2063" value="0"/>
    <entity index="2064" value="0"/>
    <entity index="2065" value="0"/>
    <entity index="2066" value="0"/>
    <entity index="2067" value="0"/>
    <entity index="2068" value="0"/>
    <entity index="2069" value="0"/>
    <entity index="2070" value="0"/>
    <entity index="2071" value="0"/>
    <entity index="2072" value="0"/>
    <entity index="2073" value="0"/>
    <entity index="2074" value="0"/>
    <entity index="2075" value="0"/>
    <entity index="2076" value="0"/>
    <entity index="2077" value="0"/>
    <entity index="2078" value="0"/>
    <entity index="2079" value="0"/>
    <entity index="2080" value="0"/>
    <entity index="2081" value="0"/>
    <entity index="2082" value="0"/>
    <entity index="2083" value="0"/>
    <entity index="2084" value="0"/>
    <entity index="2085" value="0"/>
    <entity index="2086" value="0"/>
    <entity index="2087" value="0"/>
    <entity index="2088" value="0"/>
    <entity index="2089" value="0"/>
    <entity index="2090" value="0"/>
    <entity index="2091" value="0"/>
    <entity index="2092" value="0"/>
    <entity index="2093" value="0"/>
    <entity index="2094" value="0"/>
    <entity index="2095" value="0"/>
    <entity index="2096" value="0"/>
    <entity index="2097" value="0"/>
    <entity index="2098" value="0"/>
    <entity index="2099" value="0"/>
    <entity index="2100" value="0"/>
    <entity index="2101" value="0"/>
    <entity index="2102" value="0"/>
    <entity index="2103" value="0"/>
    <entity index="2104" value="0"/>
    <entity index="2105" value="0"/>
    <entity index="2106" value="0"/>
    <entity index="2107" value="0"/>
    <entity index="2108" value="0"/>
    <entity index="2109" value="0"/>
    <entity index="2110" value="0"/>
    <entity index="2111" value="0"/>
    <entity index="2112" value="0"/>
    <entity index="2113" value="0"/>
    <entity index="2114" value="0"/>
    <entity index="2115" value="0"/>
    <entity index="2116" value="0"/>
    <entity index="2117" value="0"/>
    <entity index="2118" value="0"/>
    <entity index="2119" value="0"/>
    <entity index="2120" value="0"/>
    <entity index="2121" value="0"/>
    <entity index="2122" value="0"/>
    <entity index="2123" value="0"/>
    <entity index="2124" value="0"/>
    <entity index="2125" value="0"/>
    <entity index="2126" value="0"/>
    <entity index="2127" value="0"/>
    <entity index="2128" value="0"/>
    <entity index="2129" value="0"/>
    <entity index="2130" value="0"/>
    <entity index="2131" value="0"/>
    <entity index="2132" value="0"/>
    <entity index="2133" value="0"/>
    <entity index="2134" value="0"/>
    <entity index="2135" value="0"/>
    <entity index="2136" value="0"/>
    <entity index="2137" value="0"/>
    <entity index="2138" value="0"/>
    <entity index="2139" value="0"/>
    <entity index="2140" value="0"/>
    <entity index="2141" value="0"/>
    <entity index="2142" value="0"/>
    <entity index="2143" value="0"/>
    <entity index="2144" value="0"/>
    <entity index="2145" value="0"/>
    <entity index="2146" value="0"/>
    <entity index="2147" value="0"/>
    <entity index="2148" value="0"/>
    <entity index="2149" value="0"/>
    <entity index="2150" value="0"/>
    <entity index="2151" value="0"/>
    <entity index="2152" value="0"/>
    <entity index="2153" value="0"/>
    <entity index="2154" value="0"/>
    <entity index="2155" value="0"/>
    <entity index="2156" value="0"/>
    <entity index="2157" value="0"/>
    <entity index="2158" value="0"/>
    <entity index="2159" value="0"/>
    <entity index="2160" value="0"/>
    <entity index="2161" value="0"/>
    <entity index="2162" value="0"/>
    <entity index="2163" value="0"/>
    <entity index="2164" value="0"/>
    <entity index="2165" value="0"/>
    <entity index="2166" value="0"/>
    <entity index="2167" value="0"/>
    <entity index="2168" value="0"/>
    <entity index="2169" value="0"/>
    <entity index="2170" value="0"/>
    <entity index="2171" value="0"/>
    <entity index="2172" value="0"/>
    <entity index="2173" value="0"/>
    <entity index="2174" value="0"/>
    <entity index="2175" value="0"/>
    <entity index="2176" value="0"/>
    <entity index="2177" value="0"/>
    <entity index="2178" value="0"/>
    <entity index="2179" value="0"/>
    <entity index="2180" value="0"/>
    <entity index="2181" value="0"/>
    <entity index="2182" value="0"/>
    <entity index="2183" value="0"/>
    <entity index="2184" value="0"/>
    <entity index="2185" value="0"/>
    <entity index="2186" value="0"/>
    <entity index="2187" value="0"/>
    <entity index="2188" value="0"/>
    <entity index="2189" value="0"/>
    <entity index="2190" value="0"/>
    <entity index="2191" value="0"/>
    <entity index="2192" value="0"/>
    <entity index="2193" value="0"/>
    <entity index="2194" value="0"/>
    <entity index="2195" value="0"/>
    <entity index="2196" value="0"/>
    <entity index="2197" value="0"/>
    <entity index="2198" value="0"/>
    <entity index="2199" value="0"/>
    <entity index="2200" value="0"/>
    <entity index="2201" value="0"/>
    <entity index="2202" value="0"/>
    <entity index="2203" value="0"/>
    <entity index="2204" value="0"/>
    <entity index="2205" value="0"/>
    <entity index="2206" value="0"/>
    <entity index="2207" value="0"/>
    <entity index="2208" value="0"/>
    <entity index="2209" value="0"/>
    <entity index="2210" value="0"/>
    <entity index="2211" value="0"/>
    <entity index="2212" value="0"/>
    <entity index="2213" value="0"/>
    <entity index="2214" value="0"/>
    <entity index="2215" value="0"/>
    <entity index="2216" value="0"/>
    <entity index="2217" value="0"/>
    <entity index="2218" value="0"/>
    <entity index="2219" value="0"/>
    <entity index="2220" value="0"/>
    <entity index="2221" value="0"/>
    <entity index="2222" value="0"/>
    <entity index="2223" value="0"/>
    <entity index="2224" value="0"/>
    <entity index="2225" value="0"/>
    <entity index="2226" value="0"/>
    <entity index="2227" value="0"/>
    <entity index="2228" value="0"/>
    <entity index="2229" value="0"/>
    <entity index="2230" value="0"/>
    <entity index="2231" value="0"/>
    <entity index="2232" value="0"/>
    <entity index="2233" value="0"/>
    <entity index="2234" value="0"/>
    <entity index="2235" value="0"/>
    <entity index="2236" value="0"/>
    <entity index="2237" value="0"/>
    <entity index="2238" value="0"/>
    <entity index="2239" value="0"/>
    <entity index="2240" value="0"/>
    <entity index="2241" value="0"/>
    <entity index="2242" value="0"/>
    <entity index="2243" value="0"/>
    <entity index="2244" value="0"/>
    <entity index="2245" value="0"/>
    <entity index="2246" value="0"/>
    <entity index="2247" value="0"/>
    <entity index="2248" value="0"/>
    <entity index="2249" value="0"/>
    <entity index="2250" value="0"/>
    <entity index="2251" value="0"/>
    <entity index="2252" value="0"/>
    <entity index="2253" value="0"/>
    <entity index="2254" value="0"/>
    <entity index="2255" value="0"/>
    <entity index="2256" value="0"/>
    <entity index="2257" value="0"/>
    <entity index="2258" value="0"/>
    <entity index="2259" value="0"/>
    <entity index="2260" value="0"/>
    <entity index="2261" value="0"/>
    <entity index="2262" value="0"/>
    <entity index="2263" value="0"/>
    <entity index="2264" value="0"/>
    <entity index="2265" value="0"/>
    <entity index="2266" value="0"/>
    <entity index="2267" value="0"/>
    <entity index="2268" value="0"/>
    <entity index="2269" value="0"/>
    <entity index="2270" value="0"/>
    <entity index="2271" value="0"/>
    <entity index="2272" value="0"/>
    <entity index="2273" value="0"/>
    <entity index="2274" value="0"/>
    <entity index="2275" value="0"/>
    <entity index="2276" value="0"/>
    <entity index="2277" value="0"/>
    <entity index="2278" value="0"/>
    <entity index="2279" value="0"/>
    <entity index="2280" value="0"/>
    <entity index="2281" value="0"/>
    <entity index="2282" value="0"/>
    <entity index="2283" value="0"/>
    <entity index="2284" value="0"/>
    <entity index="2285" value="0"/>
    <entity index="2286" value="0"/>
    <entity index="2287" value="0"/>
    <entity index="2288" value="0"/>
    <entity index="2289" value="0"/>
    <entity index="2290" value="0"/>
    <entity index="2291" value="0"/>
    <entity index="2292" value="0"/>
    <entity index="2293" value="0"/>
    <entity index="2294" value="0"/>
    <entity index="2295" value="0"/>
    <entity index="2296" value="0"/>
    <entity index="2297" value="0"/>
    <entity index="2298" value="0"/>
    <entity index="2299" value="0"/>
    <entity index="2300" value="0"/>
    <entity index="2301" value="0"/>
    <entity index="2302" value="0"/>
    <entity index="2303" value="0"/>
    <entity index="2304" value="0"/>
    <entity index="2305" value="0"/>
    <entity index="2306" value="0"/>
    <entity index="2307" value="0"/>
    <entity index="2308" value="0"/>
    <entity index="2309" value="0"/>
    <entity index="2310" value="0"/>
    <entity index="2311" value="0"/>
    <entity index="2312" value="0"/>
    <entity index="2313" value="0"/>
    <entity index="2314" value="0"/>
    <entity index="2315" value="0"/>
    <entity index="2316" value="0"/>
    <entity index="2317" value="0"/>
    <entity index="2318" value="0"/>
    <entity index="2319" value="0"/>
    <entity index="2320" value="0"/>
    <entity index="2321" value="0"/>
    <entity index="2322" value="0"/>
    <entity index="2323" value="0"/>
    <entity index="2324" value="0"/>
    <entity index="2325" value="0"/>
    <entity index="2326" value="0"/>
    <entity index="2327" value="0"/>
    <entity index="2328" value="0"/>
    <entity index="2329" value="0"/>
    <entity index="2330" value="0"/>
    <entity index="2331" value="0"/>
    <entity index="2332" value="0"/>
    <entity index="2333" value="0"/>
    <entity index="2334" value="0"/>
    <entity index="2335" value="0"/>
    <entity index="2336" value="0"/>
    <entity index="2337" value="0"/>
    <entity index="2338" value="0"/>
    <entity index="2339" value="0"/>
    <entity index="2340" value="0"/>
    <entity index="2341" value="0"/>
    <entity index="2342" value="0"/>
    <entity index="2343" value="0"/>
    <entity index="2344" value="0"/>
    <entity index="2345" value="0"/>
    <entity index="2346" value="0"/>
    <entity index="2347" value="0"/>
    <entity index="2348" value="0"/>
    <entity index="2349" value="0"/>
    <entity index="2350" value="0"/>
    <entity index="2351" value="0"/>
    <entity index="2352" value="0"/>
    <entity index="2353" value="0"/>
    <entity index="2354" value="0"/>
    <entity index="2355" value="0"/>
    <entity index="2356" value="0"/>
    <entity index="2357" value="0"/>
    <entity index="2358" value="0"/>
    <entity index="2359" value="0"/>
    <entity index="2360" value="0"/>
    <entity index="2361" value="0"/>
    <entity index="2362" value="0"/>
    <entity index="2363" value="0"/>
    <entity index="2364" value="0"/>
    <entity index="2365" value="0"/>
    <entity index="2366" value="0"/>
    <entity index="2367" value="0"/>
    <entity index="2368" value="0"/>
    <entity index="2369" value="0"/>
    <entity index="2370" value="0"/>
    <entity index="2371" value="0"/>
    <entity index="2372" value="0"/>
    <entity index="2373" value="0"/>
    <entity index="2374" value="0"/>
    <entity index="2375" value="0"/>
    <entity index="2376" value="0"/>
    <entity index="2377" value="0"/>
    <entity index="2378" value="0"/>
    <entity index="2379" value="0"/>
    <entity index="2380" value="0"/>
    <entity index="2381" value="0"/>
    <entity index="2382" value="0"/>
    <entity index="2383" value="0"/>
    <entity index="2384" value="0"/>
    <entity index="2385" value="0"/>
    <entity index="2386" value="0"/>
    <entity index="2387" value="0"/>
    <entity index="2388" value="0"/>
    <entity index="2389" value="0"/>
    <entity index="2390" value="0"/>
    <entity index="2391" value="0"/>
    <entity index="2392" value="0"/>
    <entity index="2393" value="0"/>
    <entity index="2394" value="0"/>
    <entity index="2395" value="0"/>
    <entity index="2396" value="0"/>
    <entity index="2397" value="0"/>
    <entity index="2398" value="0"/>
    <entity index="2399" value="0"/>
    <entity index="2400" value="0"/>
    <entity index="2401" value="0"/>
    <entity index="2402" value="0"/>
    <entity index="2403" value="0"/>
    <entity index="2404" value="0"/>
    <entity index="2405" value="0"/>
    <entity index="2406" value="0"/>
    <entity index="2407" value="0"/>
    <entity index="2408" value="0"/>
    <entity index="2409" value="0"/>
    <entity index="2410" value="0"/>
    <entity index="2411" value="0"/>
    <entity index="2412" value="0"/>
    <entity index="2413" value="0"/>
    <entity index="2414" value="0"/>
    <entity index="2415" value="0"/>
    <entity index="2416" value="0"/>
  </mesh_function>
</dolfin>