<?xml version="1.0" encoding="UTF-8"?>
<dolfin xmlns:dolfin="http://fenicsproject.org">
  <mesh_function type="uint" dim="2" size="1564">
    <entity index="0" value="1"/>
    <entity index="1" value="1"/>
    <entity index="2" value="1"/>
    <entity index="3" value="1"/>
    <entity index="4" value="1"/>
    <entity index="5" value="1"/>
    <entity index="6" value="1"/>
    <entity index="7" value="1"/>
    <entity index="8" value="1"/>
    <entity index="9" value="1"/>
    <entity index="10" value="1"/>
    <entity index="11" value="1"/>
    <entity index="12" value="1"/>
    <entity index="13" value="1"/>
    <entity index="14" value="1"/>
    <entity index="15" value="1"/>
    <entity index="16" value="1"/>
    <entity index="17" value="1"/>
    <entity index="18" value="1"/>
    <entity index="19" value="1"/>
    <entity index="20" value="1"/>
    <entity index="21" value="1"/>
    <entity index="22" value="1"/>
    <entity index="23" value="1"/>
    <entity index="24" value="1"/>
    <entity index="25" value="1"/>
    <entity index="26" value="1"/>
    <entity index="27" value="1"/>
    <entity index="28" value="1"/>
    <entity index="29" value="1"/>
    <entity index="30" value="1"/>
    <entity index="31" value="1"/>
    <entity index="32" value="1"/>
    <entity index="33" value="1"/>
    <entity index="34" value="1"/>
    <entity index="35" value="1"/>
    <entity index="36" value="1"/>
    <entity index="37" value="1"/>
    <entity index="38" value="1"/>
    <entity index="39" value="1"/>
    <entity index="40" value="1"/>
    <entity index="41" value="1"/>
    <entity index="42" value="1"/>
    <entity index="43" value="1"/>
    <entity index="44" value="1"/>
    <entity index="45" value="1"/>
    <entity index="46" value="1"/>
    <entity index="47" value="1"/>
    <entity index="48" value="1"/>
    <entity index="49" value="1"/>
    <entity index="50" value="1"/>
    <entity index="51" value="1"/>
    <entity index="52" value="1"/>
    <entity index="53" value="1"/>
    <entity index="54" value="1"/>
    <entity index="55" value="1"/>
    <entity index="56" value="1"/>
    <entity index="57" value="1"/>
    <entity index="58" value="1"/>
    <entity index="59" value="1"/>
    <entity index="60" value="1"/>
    <entity index="61" value="1"/>
    <entity index="62" value="1"/>
    <entity index="63" value="1"/>
    <entity index="64" value="1"/>
    <entity index="65" value="1"/>
    <entity index="66" value="1"/>
    <entity index="67" value="1"/>
    <entity index="68" value="1"/>
    <entity index="69" value="1"/>
    <entity index="70" value="1"/>
    <entity index="71" value="1"/>
    <entity index="72" value="1"/>
    <entity index="73" value="1"/>
    <entity index="74" value="1"/>
    <entity index="75" value="1"/>
    <entity index="76" value="1"/>
    <entity index="77" value="1"/>
    <entity index="78" value="1"/>
    <entity index="79" value="1"/>
    <entity index="80" value="1"/>
    <entity index="81" value="1"/>
    <entity index="82" value="1"/>
    <entity index="83" value="1"/>
    <entity index="84" value="1"/>
    <entity index="85" value="1"/>
    <entity index="86" value="1"/>
    <entity index="87" value="1"/>
    <entity index="88" value="1"/>
    <entity index="89" value="1"/>
    <entity index="90" value="1"/>
    <entity index="91" value="1"/>
    <entity index="92" value="1"/>
    <entity index="93" value="1"/>
    <entity index="94" value="1"/>
    <entity index="95" value="1"/>
    <entity index="96" value="1"/>
    <entity index="97" value="1"/>
    <entity index="98" value="1"/>
    <entity index="99" value="1"/>
    <entity index="100" value="1"/>
    <entity index="101" value="1"/>
    <entity index="102" value="1"/>
    <entity index="103" value="1"/>
    <entity index="104" value="1"/>
    <entity index="105" value="1"/>
    <entity index="106" value="1"/>
    <entity index="107" value="1"/>
    <entity index="108" value="1"/>
    <entity index="109" value="1"/>
    <entity index="110" value="1"/>
    <entity index="111" value="1"/>
    <entity index="112" value="1"/>
    <entity index="113" value="1"/>
    <entity index="114" value="1"/>
    <entity index="115" value="1"/>
    <entity index="116" value="1"/>
    <entity index="117" value="1"/>
    <entity index="118" value="1"/>
    <entity index="119" value="1"/>
    <entity index="120" value="1"/>
    <entity index="121" value="1"/>
    <entity index="122" value="1"/>
    <entity index="123" value="1"/>
    <entity index="124" value="1"/>
    <entity index="125" value="1"/>
    <entity index="126" value="1"/>
    <entity index="127" value="1"/>
    <entity index="128" value="1"/>
    <entity index="129" value="1"/>
    <entity index="130" value="1"/>
    <entity index="131" value="1"/>
    <entity index="132" value="1"/>
    <entity index="133" value="1"/>
    <entity index="134" value="1"/>
    <entity index="135" value="1"/>
    <entity index="136" value="1"/>
    <entity index="137" value="1"/>
    <entity index="138" value="1"/>
    <entity index="139" value="1"/>
    <entity index="140" value="1"/>
    <entity index="141" value="1"/>
    <entity index="142" value="1"/>
    <entity index="143" value="1"/>
    <entity index="144" value="1"/>
    <entity index="145" value="1"/>
    <entity index="146" value="1"/>
    <entity index="147" value="1"/>
    <entity index="148" value="1"/>
    <entity index="149" value="1"/>
    <entity index="150" value="1"/>
    <entity index="151" value="1"/>
    <entity index="152" value="1"/>
    <entity index="153" value="1"/>
    <entity index="154" value="1"/>
    <entity index="155" value="1"/>
    <entity index="156" value="1"/>
    <entity index="157" value="1"/>
    <entity index="158" value="1"/>
    <entity index="159" value="1"/>
    <entity index="160" value="1"/>
    <entity index="161" value="1"/>
    <entity index="162" value="1"/>
    <entity index="163" value="1"/>
    <entity index="164" value="1"/>
    <entity index="165" value="1"/>
    <entity index="166" value="1"/>
    <entity index="167" value="1"/>
    <entity index="168" value="1"/>
    <entity index="169" value="1"/>
    <entity index="170" value="1"/>
    <entity index="171" value="1"/>
    <entity index="172" value="1"/>
    <entity index="173" value="1"/>
    <entity index="174" value="1"/>
    <entity index="175" value="1"/>
    <entity index="176" value="1"/>
    <entity index="177" value="1"/>
    <entity index="178" value="1"/>
    <entity index="179" value="1"/>
    <entity index="180" value="1"/>
    <entity index="181" value="1"/>
    <entity index="182" value="1"/>
    <entity index="183" value="1"/>
    <entity index="184" value="1"/>
    <entity index="185" value="1"/>
    <entity index="186" value="1"/>
    <entity index="187" value="1"/>
    <entity index="188" value="1"/>
    <entity index="189" value="1"/>
    <entity index="190" value="1"/>
    <entity index="191" value="1"/>
    <entity index="192" value="1"/>
    <entity index="193" value="1"/>
    <entity index="194" value="1"/>
    <entity index="195" value="1"/>
    <entity index="196" value="1"/>
    <entity index="197" value="1"/>
    <entity index="198" value="1"/>
    <entity index="199" value="1"/>
    <entity index="200" value="1"/>
    <entity index="201" value="1"/>
    <entity index="202" value="1"/>
    <entity index="203" value="1"/>
    <entity index="204" value="1"/>
    <entity index="205" value="1"/>
    <entity index="206" value="1"/>
    <entity index="207" value="1"/>
    <entity index="208" value="1"/>
    <entity index="209" value="1"/>
    <entity index="210" value="1"/>
    <entity index="211" value="1"/>
    <entity index="212" value="1"/>
    <entity index="213" value="1"/>
    <entity index="214" value="1"/>
    <entity index="215" value="1"/>
    <entity index="216" value="1"/>
    <entity index="217" value="1"/>
    <entity index="218" value="1"/>
    <entity index="219" value="1"/>
    <entity index="220" value="1"/>
    <entity index="221" value="1"/>
    <entity index="222" value="1"/>
    <entity index="223" value="1"/>
    <entity index="224" value="1"/>
    <entity index="225" value="1"/>
    <entity index="226" value="1"/>
    <entity index="227" value="1"/>
    <entity index="228" value="1"/>
    <entity index="229" value="1"/>
    <entity index="230" value="1"/>
    <entity index="231" value="1"/>
    <entity index="232" value="1"/>
    <entity index="233" value="1"/>
    <entity index="234" value="1"/>
    <entity index="235" value="1"/>
    <entity index="236" value="1"/>
    <entity index="237" value="1"/>
    <entity index="238" value="1"/>
    <entity index="239" value="1"/>
    <entity index="240" value="1"/>
    <entity index="241" value="1"/>
    <entity index="242" value="1"/>
    <entity index="243" value="1"/>
    <entity index="244" value="1"/>
    <entity index="245" value="1"/>
    <entity index="246" value="1"/>
    <entity index="247" value="1"/>
    <entity index="248" value="1"/>
    <entity index="249" value="1"/>
    <entity index="250" value="1"/>
    <entity index="251" value="1"/>
    <entity index="252" value="1"/>
    <entity index="253" value="1"/>
    <entity index="254" value="1"/>
    <entity index="255" value="1"/>
    <entity index="256" value="1"/>
    <entity index="257" value="1"/>
    <entity index="258" value="1"/>
    <entity index="259" value="1"/>
    <entity index="260" value="1"/>
    <entity index="261" value="1"/>
    <entity index="262" value="1"/>
    <entity index="263" value="1"/>
    <entity index="264" value="1"/>
    <entity index="265" value="1"/>
    <entity index="266" value="1"/>
    <entity index="267" value="1"/>
    <entity index="268" value="1"/>
    <entity index="269" value="1"/>
    <entity index="270" value="1"/>
    <entity index="271" value="1"/>
    <entity index="272" value="1"/>
    <entity index="273" value="1"/>
    <entity index="274" value="1"/>
    <entity index="275" value="1"/>
    <entity index="276" value="1"/>
    <entity index="277" value="1"/>
    <entity index="278" value="1"/>
    <entity index="279" value="1"/>
    <entity index="280" value="1"/>
    <entity index="281" value="1"/>
    <entity index="282" value="1"/>
    <entity index="283" value="1"/>
    <entity index="284" value="1"/>
    <entity index="285" value="1"/>
    <entity index="286" value="1"/>
    <entity index="287" value="1"/>
    <entity index="288" value="1"/>
    <entity index="289" value="1"/>
    <entity index="290" value="1"/>
    <entity index="291" value="1"/>
    <entity index="292" value="1"/>
    <entity index="293" value="1"/>
    <entity index="294" value="1"/>
    <entity index="295" value="1"/>
    <entity index="296" value="1"/>
    <entity index="297" value="1"/>
    <entity index="298" value="1"/>
    <entity index="299" value="1"/>
    <entity index="300" value="1"/>
    <entity index="301" value="1"/>
    <entity index="302" value="1"/>
    <entity index="303" value="1"/>
    <entity index="304" value="1"/>
    <entity index="305" value="1"/>
    <entity index="306" value="1"/>
    <entity index="307" value="1"/>
    <entity index="308" value="1"/>
    <entity index="309" value="1"/>
    <entity index="310" value="1"/>
    <entity index="311" value="1"/>
    <entity index="312" value="1"/>
    <entity index="313" value="1"/>
    <entity index="314" value="1"/>
    <entity index="315" value="1"/>
    <entity index="316" value="1"/>
    <entity index="317" value="1"/>
    <entity index="318" value="1"/>
    <entity index="319" value="1"/>
    <entity index="320" value="1"/>
    <entity index="321" value="1"/>
    <entity index="322" value="1"/>
    <entity index="323" value="1"/>
    <entity index="324" value="1"/>
    <entity index="325" value="1"/>
    <entity index="326" value="1"/>
    <entity index="327" value="1"/>
    <entity index="328" value="1"/>
    <entity index="329" value="1"/>
    <entity index="330" value="1"/>
    <entity index="331" value="1"/>
    <entity index="332" value="1"/>
    <entity index="333" value="1"/>
    <entity index="334" value="1"/>
    <entity index="335" value="1"/>
    <entity index="336" value="1"/>
    <entity index="337" value="1"/>
    <entity index="338" value="1"/>
    <entity index="339" value="1"/>
    <entity index="340" value="1"/>
    <entity index="341" value="1"/>
    <entity index="342" value="1"/>
    <entity index="343" value="1"/>
    <entity index="344" value="1"/>
    <entity index="345" value="1"/>
    <entity index="346" value="1"/>
    <entity index="347" value="1"/>
    <entity index="348" value="1"/>
    <entity index="349" value="1"/>
    <entity index="350" value="1"/>
    <entity index="351" value="1"/>
    <entity index="352" value="1"/>
    <entity index="353" value="1"/>
    <entity index="354" value="1"/>
    <entity index="355" value="1"/>
    <entity index="356" value="1"/>
    <entity index="357" value="1"/>
    <entity index="358" value="1"/>
    <entity index="359" value="1"/>
    <entity index="360" value="1"/>
    <entity index="361" value="1"/>
    <entity index="362" value="1"/>
    <entity index="363" value="1"/>
    <entity index="364" value="1"/>
    <entity index="365" value="1"/>
    <entity index="366" value="1"/>
    <entity index="367" value="1"/>
    <entity index="368" value="1"/>
    <entity index="369" value="1"/>
    <entity index="370" value="1"/>
    <entity index="371" value="1"/>
    <entity index="372" value="1"/>
    <entity index="373" value="1"/>
    <entity index="374" value="1"/>
    <entity index="375" value="1"/>
    <entity index="376" value="1"/>
    <entity index="377" value="1"/>
    <entity index="378" value="1"/>
    <entity index="379" value="1"/>
    <entity index="380" value="1"/>
    <entity index="381" value="1"/>
    <entity index="382" value="1"/>
    <entity index="383" value="1"/>
    <entity index="384" value="1"/>
    <entity index="385" value="1"/>
    <entity index="386" value="1"/>
    <entity index="387" value="1"/>
    <entity index="388" value="1"/>
    <entity index="389" value="1"/>
    <entity index="390" value="1"/>
    <entity index="391" value="1"/>
    <entity index="392" value="1"/>
    <entity index="393" value="1"/>
    <entity index="394" value="1"/>
    <entity index="395" value="1"/>
    <entity index="396" value="1"/>
    <entity index="397" value="1"/>
    <entity index="398" value="1"/>
    <entity index="399" value="1"/>
    <entity index="400" value="1"/>
    <entity index="401" value="1"/>
    <entity index="402" value="1"/>
    <entity index="403" value="1"/>
    <entity index="404" value="1"/>
    <entity index="405" value="1"/>
    <entity index="406" value="1"/>
    <entity index="407" value="1"/>
    <entity index="408" value="1"/>
    <entity index="409" value="1"/>
    <entity index="410" value="1"/>
    <entity index="411" value="1"/>
    <entity index="412" value="1"/>
    <entity index="413" value="1"/>
    <entity index="414" value="1"/>
    <entity index="415" value="1"/>
    <entity index="416" value="1"/>
    <entity index="417" value="1"/>
    <entity index="418" value="1"/>
    <entity index="419" value="1"/>
    <entity index="420" value="1"/>
    <entity index="421" value="1"/>
    <entity index="422" value="1"/>
    <entity index="423" value="1"/>
    <entity index="424" value="1"/>
    <entity index="425" value="1"/>
    <entity index="426" value="1"/>
    <entity index="427" value="1"/>
    <entity index="428" value="1"/>
    <entity index="429" value="1"/>
    <entity index="430" value="1"/>
    <entity index="431" value="1"/>
    <entity index="432" value="1"/>
    <entity index="433" value="1"/>
    <entity index="434" value="1"/>
    <entity index="435" value="1"/>
    <entity index="436" value="1"/>
    <entity index="437" value="1"/>
    <entity index="438" value="1"/>
    <entity index="439" value="1"/>
    <entity index="440" value="1"/>
    <entity index="441" value="1"/>
    <entity index="442" value="1"/>
    <entity index="443" value="1"/>
    <entity index="444" value="1"/>
    <entity index="445" value="1"/>
    <entity index="446" value="1"/>
    <entity index="447" value="1"/>
    <entity index="448" value="1"/>
    <entity index="449" value="1"/>
    <entity index="450" value="1"/>
    <entity index="451" value="1"/>
    <entity index="452" value="1"/>
    <entity index="453" value="1"/>
    <entity index="454" value="1"/>
    <entity index="455" value="1"/>
    <entity index="456" value="1"/>
    <entity index="457" value="1"/>
    <entity index="458" value="1"/>
    <entity index="459" value="1"/>
    <entity index="460" value="1"/>
    <entity index="461" value="1"/>
    <entity index="462" value="1"/>
    <entity index="463" value="1"/>
    <entity index="464" value="1"/>
    <entity index="465" value="1"/>
    <entity index="466" value="1"/>
    <entity index="467" value="1"/>
    <entity index="468" value="1"/>
    <entity index="469" value="1"/>
    <entity index="470" value="1"/>
    <entity index="471" value="1"/>
    <entity index="472" value="1"/>
    <entity index="473" value="1"/>
    <entity index="474" value="1"/>
    <entity index="475" value="1"/>
    <entity index="476" value="1"/>
    <entity index="477" value="1"/>
    <entity index="478" value="1"/>
    <entity index="479" value="1"/>
    <entity index="480" value="1"/>
    <entity index="481" value="1"/>
    <entity index="482" value="1"/>
    <entity index="483" value="1"/>
    <entity index="484" value="1"/>
    <entity index="485" value="1"/>
    <entity index="486" value="1"/>
    <entity index="487" value="1"/>
    <entity index="488" value="1"/>
    <entity index="489" value="1"/>
    <entity index="490" value="1"/>
    <entity index="491" value="1"/>
    <entity index="492" value="1"/>
    <entity index="493" value="1"/>
    <entity index="494" value="1"/>
    <entity index="495" value="1"/>
    <entity index="496" value="1"/>
    <entity index="497" value="1"/>
    <entity index="498" value="1"/>
    <entity index="499" value="1"/>
    <entity index="500" value="1"/>
    <entity index="501" value="1"/>
    <entity index="502" value="1"/>
    <entity index="503" value="1"/>
    <entity index="504" value="1"/>
    <entity index="505" value="1"/>
    <entity index="506" value="1"/>
    <entity index="507" value="1"/>
    <entity index="508" value="1"/>
    <entity index="509" value="1"/>
    <entity index="510" value="1"/>
    <entity index="511" value="1"/>
    <entity index="512" value="1"/>
    <entity index="513" value="1"/>
    <entity index="514" value="1"/>
    <entity index="515" value="1"/>
    <entity index="516" value="1"/>
    <entity index="517" value="1"/>
    <entity index="518" value="1"/>
    <entity index="519" value="1"/>
    <entity index="520" value="1"/>
    <entity index="521" value="1"/>
    <entity index="522" value="1"/>
    <entity index="523" value="1"/>
    <entity index="524" value="1"/>
    <entity index="525" value="1"/>
    <entity index="526" value="1"/>
    <entity index="527" value="1"/>
    <entity index="528" value="1"/>
    <entity index="529" value="1"/>
    <entity index="530" value="1"/>
    <entity index="531" value="1"/>
    <entity index="532" value="1"/>
    <entity index="533" value="1"/>
    <entity index="534" value="1"/>
    <entity index="535" value="1"/>
    <entity index="536" value="1"/>
    <entity index="537" value="1"/>
    <entity index="538" value="1"/>
    <entity index="539" value="1"/>
    <entity index="540" value="1"/>
    <entity index="541" value="1"/>
    <entity index="542" value="1"/>
    <entity index="543" value="1"/>
    <entity index="544" value="1"/>
    <entity index="545" value="1"/>
    <entity index="546" value="1"/>
    <entity index="547" value="1"/>
    <entity index="548" value="1"/>
    <entity index="549" value="1"/>
    <entity index="550" value="1"/>
    <entity index="551" value="1"/>
    <entity index="552" value="1"/>
    <entity index="553" value="1"/>
    <entity index="554" value="1"/>
    <entity index="555" value="1"/>
    <entity index="556" value="1"/>
    <entity index="557" value="1"/>
    <entity index="558" value="1"/>
    <entity index="559" value="1"/>
    <entity index="560" value="1"/>
    <entity index="561" value="1"/>
    <entity index="562" value="1"/>
    <entity index="563" value="1"/>
    <entity index="564" value="1"/>
    <entity index="565" value="1"/>
    <entity index="566" value="1"/>
    <entity index="567" value="1"/>
    <entity index="568" value="1"/>
    <entity index="569" value="1"/>
    <entity index="570" value="1"/>
    <entity index="571" value="1"/>
    <entity index="572" value="1"/>
    <entity index="573" value="1"/>
    <entity index="574" value="1"/>
    <entity index="575" value="1"/>
    <entity index="576" value="1"/>
    <entity index="577" value="1"/>
    <entity index="578" value="1"/>
    <entity index="579" value="1"/>
    <entity index="580" value="1"/>
    <entity index="581" value="1"/>
    <entity index="582" value="1"/>
    <entity index="583" value="1"/>
    <entity index="584" value="1"/>
    <entity index="585" value="1"/>
    <entity index="586" value="1"/>
    <entity index="587" value="1"/>
    <entity index="588" value="1"/>
    <entity index="589" value="1"/>
    <entity index="590" value="1"/>
    <entity index="591" value="1"/>
    <entity index="592" value="1"/>
    <entity index="593" value="1"/>
    <entity index="594" value="1"/>
    <entity index="595" value="1"/>
    <entity index="596" value="1"/>
    <entity index="597" value="1"/>
    <entity index="598" value="1"/>
    <entity index="599" value="1"/>
    <entity index="600" value="1"/>
    <entity index="601" value="1"/>
    <entity index="602" value="1"/>
    <entity index="603" value="1"/>
    <entity index="604" value="1"/>
    <entity index="605" value="1"/>
    <entity index="606" value="1"/>
    <entity index="607" value="1"/>
    <entity index="608" value="1"/>
    <entity index="609" value="1"/>
    <entity index="610" value="1"/>
    <entity index="611" value="1"/>
    <entity index="612" value="1"/>
    <entity index="613" value="1"/>
    <entity index="614" value="1"/>
    <entity index="615" value="1"/>
    <entity index="616" value="1"/>
    <entity index="617" value="1"/>
    <entity index="618" value="1"/>
    <entity index="619" value="1"/>
    <entity index="620" value="1"/>
    <entity index="621" value="1"/>
    <entity index="622" value="1"/>
    <entity index="623" value="1"/>
    <entity index="624" value="1"/>
    <entity index="625" value="1"/>
    <entity index="626" value="1"/>
    <entity index="627" value="1"/>
    <entity index="628" value="1"/>
    <entity index="629" value="1"/>
    <entity index="630" value="1"/>
    <entity index="631" value="1"/>
    <entity index="632" value="1"/>
    <entity index="633" value="1"/>
    <entity index="634" value="1"/>
    <entity index="635" value="1"/>
    <entity index="636" value="1"/>
    <entity index="637" value="1"/>
    <entity index="638" value="1"/>
    <entity index="639" value="1"/>
    <entity index="640" value="1"/>
    <entity index="641" value="1"/>
    <entity index="642" value="1"/>
    <entity index="643" value="1"/>
    <entity index="644" value="1"/>
    <entity index="645" value="1"/>
    <entity index="646" value="1"/>
    <entity index="647" value="1"/>
    <entity index="648" value="1"/>
    <entity index="649" value="1"/>
    <entity index="650" value="1"/>
    <entity index="651" value="1"/>
    <entity index="652" value="1"/>
    <entity index="653" value="1"/>
    <entity index="654" value="1"/>
    <entity index="655" value="1"/>
    <entity index="656" value="1"/>
    <entity index="657" value="1"/>
    <entity index="658" value="1"/>
    <entity index="659" value="1"/>
    <entity index="660" value="1"/>
    <entity index="661" value="1"/>
    <entity index="662" value="1"/>
    <entity index="663" value="1"/>
    <entity index="664" value="1"/>
    <entity index="665" value="1"/>
    <entity index="666" value="1"/>
    <entity index="667" value="1"/>
    <entity index="668" value="1"/>
    <entity index="669" value="1"/>
    <entity index="670" value="1"/>
    <entity index="671" value="1"/>
    <entity index="672" value="1"/>
    <entity index="673" value="1"/>
    <entity index="674" value="1"/>
    <entity index="675" value="1"/>
    <entity index="676" value="1"/>
    <entity index="677" value="1"/>
    <entity index="678" value="1"/>
    <entity index="679" value="1"/>
    <entity index="680" value="1"/>
    <entity index="681" value="1"/>
    <entity index="682" value="1"/>
    <entity index="683" value="1"/>
    <entity index="684" value="1"/>
    <entity index="685" value="1"/>
    <entity index="686" value="1"/>
    <entity index="687" value="1"/>
    <entity index="688" value="1"/>
    <entity index="689" value="1"/>
    <entity index="690" value="1"/>
    <entity index="691" value="1"/>
    <entity index="692" value="1"/>
    <entity index="693" value="1"/>
    <entity index="694" value="1"/>
    <entity index="695" value="1"/>
    <entity index="696" value="1"/>
    <entity index="697" value="1"/>
    <entity index="698" value="1"/>
    <entity index="699" value="1"/>
    <entity index="700" value="1"/>
    <entity index="701" value="1"/>
    <entity index="702" value="1"/>
    <entity index="703" value="1"/>
    <entity index="704" value="1"/>
    <entity index="705" value="1"/>
    <entity index="706" value="1"/>
    <entity index="707" value="1"/>
    <entity index="708" value="1"/>
    <entity index="709" value="1"/>
    <entity index="710" value="1"/>
    <entity index="711" value="1"/>
    <entity index="712" value="1"/>
    <entity index="713" value="1"/>
    <entity index="714" value="1"/>
    <entity index="715" value="1"/>
    <entity index="716" value="1"/>
    <entity index="717" value="1"/>
    <entity index="718" value="1"/>
    <entity index="719" value="1"/>
    <entity index="720" value="1"/>
    <entity index="721" value="1"/>
    <entity index="722" value="1"/>
    <entity index="723" value="1"/>
    <entity index="724" value="1"/>
    <entity index="725" value="1"/>
    <entity index="726" value="1"/>
    <entity index="727" value="1"/>
    <entity index="728" value="1"/>
    <entity index="729" value="1"/>
    <entity index="730" value="1"/>
    <entity index="731" value="1"/>
    <entity index="732" value="1"/>
    <entity index="733" value="1"/>
    <entity index="734" value="1"/>
    <entity index="735" value="1"/>
    <entity index="736" value="1"/>
    <entity index="737" value="1"/>
    <entity index="738" value="1"/>
    <entity index="739" value="1"/>
    <entity index="740" value="1"/>
    <entity index="741" value="1"/>
    <entity index="742" value="1"/>
    <entity index="743" value="1"/>
    <entity index="744" value="1"/>
    <entity index="745" value="1"/>
    <entity index="746" value="1"/>
    <entity index="747" value="1"/>
    <entity index="748" value="1"/>
    <entity index="749" value="1"/>
    <entity index="750" value="1"/>
    <entity index="751" value="1"/>
    <entity index="752" value="1"/>
    <entity index="753" value="1"/>
    <entity index="754" value="1"/>
    <entity index="755" value="1"/>
    <entity index="756" value="1"/>
    <entity index="757" value="1"/>
    <entity index="758" value="1"/>
    <entity index="759" value="1"/>
    <entity index="760" value="1"/>
    <entity index="761" value="1"/>
    <entity index="762" value="1"/>
    <entity index="763" value="1"/>
    <entity index="764" value="1"/>
    <entity index="765" value="1"/>
    <entity index="766" value="1"/>
    <entity index="767" value="1"/>
    <entity index="768" value="1"/>
    <entity index="769" value="1"/>
    <entity index="770" value="1"/>
    <entity index="771" value="1"/>
    <entity index="772" value="1"/>
    <entity index="773" value="1"/>
    <entity index="774" value="1"/>
    <entity index="775" value="1"/>
    <entity index="776" value="1"/>
    <entity index="777" value="1"/>
    <entity index="778" value="1"/>
    <entity index="779" value="1"/>
    <entity index="780" value="1"/>
    <entity index="781" value="1"/>
    <entity index="782" value="1"/>
    <entity index="783" value="1"/>
    <entity index="784" value="1"/>
    <entity index="785" value="1"/>
    <entity index="786" value="1"/>
    <entity index="787" value="1"/>
    <entity index="788" value="1"/>
    <entity index="789" value="1"/>
    <entity index="790" value="1"/>
    <entity index="791" value="1"/>
    <entity index="792" value="1"/>
    <entity index="793" value="1"/>
    <entity index="794" value="1"/>
    <entity index="795" value="1"/>
    <entity index="796" value="1"/>
    <entity index="797" value="1"/>
    <entity index="798" value="1"/>
    <entity index="799" value="1"/>
    <entity index="800" value="1"/>
    <entity index="801" value="1"/>
    <entity index="802" value="1"/>
    <entity index="803" value="1"/>
    <entity index="804" value="1"/>
    <entity index="805" value="1"/>
    <entity index="806" value="1"/>
    <entity index="807" value="1"/>
    <entity index="808" value="1"/>
    <entity index="809" value="1"/>
    <entity index="810" value="1"/>
    <entity index="811" value="1"/>
    <entity index="812" value="1"/>
    <entity index="813" value="1"/>
    <entity index="814" value="1"/>
    <entity index="815" value="1"/>
    <entity index="816" value="1"/>
    <entity index="817" value="1"/>
    <entity index="818" value="1"/>
    <entity index="819" value="1"/>
    <entity index="820" value="1"/>
    <entity index="821" value="1"/>
    <entity index="822" value="1"/>
    <entity index="823" value="1"/>
    <entity index="824" value="1"/>
    <entity index="825" value="1"/>
    <entity index="826" value="1"/>
    <entity index="827" value="1"/>
    <entity index="828" value="1"/>
    <entity index="829" value="1"/>
    <entity index="830" value="1"/>
    <entity index="831" value="1"/>
    <entity index="832" value="1"/>
    <entity index="833" value="1"/>
    <entity index="834" value="1"/>
    <entity index="835" value="1"/>
    <entity index="836" value="1"/>
    <entity index="837" value="1"/>
    <entity index="838" value="1"/>
    <entity index="839" value="1"/>
    <entity index="840" value="1"/>
    <entity index="841" value="1"/>
    <entity index="842" value="1"/>
    <entity index="843" value="1"/>
    <entity index="844" value="1"/>
    <entity index="845" value="1"/>
    <entity index="846" value="1"/>
    <entity index="847" value="1"/>
    <entity index="848" value="1"/>
    <entity index="849" value="1"/>
    <entity index="850" value="1"/>
    <entity index="851" value="1"/>
    <entity index="852" value="1"/>
    <entity index="853" value="1"/>
    <entity index="854" value="1"/>
    <entity index="855" value="1"/>
    <entity index="856" value="1"/>
    <entity index="857" value="1"/>
    <entity index="858" value="1"/>
    <entity index="859" value="1"/>
    <entity index="860" value="1"/>
    <entity index="861" value="1"/>
    <entity index="862" value="1"/>
    <entity index="863" value="1"/>
    <entity index="864" value="1"/>
    <entity index="865" value="1"/>
    <entity index="866" value="1"/>
    <entity index="867" value="1"/>
    <entity index="868" value="1"/>
    <entity index="869" value="1"/>
    <entity index="870" value="1"/>
    <entity index="871" value="1"/>
    <entity index="872" value="1"/>
    <entity index="873" value="1"/>
    <entity index="874" value="1"/>
    <entity index="875" value="1"/>
    <entity index="876" value="1"/>
    <entity index="877" value="1"/>
    <entity index="878" value="1"/>
    <entity index="879" value="1"/>
    <entity index="880" value="1"/>
    <entity index="881" value="1"/>
    <entity index="882" value="1"/>
    <entity index="883" value="1"/>
    <entity index="884" value="1"/>
    <entity index="885" value="1"/>
    <entity index="886" value="1"/>
    <entity index="887" value="1"/>
    <entity index="888" value="1"/>
    <entity index="889" value="1"/>
    <entity index="890" value="1"/>
    <entity index="891" value="1"/>
    <entity index="892" value="1"/>
    <entity index="893" value="1"/>
    <entity index="894" value="1"/>
    <entity index="895" value="1"/>
    <entity index="896" value="1"/>
    <entity index="897" value="1"/>
    <entity index="898" value="1"/>
    <entity index="899" value="1"/>
    <entity index="900" value="1"/>
    <entity index="901" value="1"/>
    <entity index="902" value="1"/>
    <entity index="903" value="1"/>
    <entity index="904" value="1"/>
    <entity index="905" value="1"/>
    <entity index="906" value="1"/>
    <entity index="907" value="1"/>
    <entity index="908" value="1"/>
    <entity index="909" value="1"/>
    <entity index="910" value="1"/>
    <entity index="911" value="1"/>
    <entity index="912" value="1"/>
    <entity index="913" value="1"/>
    <entity index="914" value="1"/>
    <entity index="915" value="1"/>
    <entity index="916" value="1"/>
    <entity index="917" value="1"/>
    <entity index="918" value="1"/>
    <entity index="919" value="1"/>
    <entity index="920" value="1"/>
    <entity index="921" value="1"/>
    <entity index="922" value="1"/>
    <entity index="923" value="1"/>
    <entity index="924" value="1"/>
    <entity index="925" value="1"/>
    <entity index="926" value="1"/>
    <entity index="927" value="1"/>
    <entity index="928" value="1"/>
    <entity index="929" value="1"/>
    <entity index="930" value="1"/>
    <entity index="931" value="1"/>
    <entity index="932" value="1"/>
    <entity index="933" value="1"/>
    <entity index="934" value="1"/>
    <entity index="935" value="1"/>
    <entity index="936" value="1"/>
    <entity index="937" value="1"/>
    <entity index="938" value="1"/>
    <entity index="939" value="1"/>
    <entity index="940" value="1"/>
    <entity index="941" value="1"/>
    <entity index="942" value="1"/>
    <entity index="943" value="1"/>
    <entity index="944" value="1"/>
    <entity index="945" value="1"/>
    <entity index="946" value="1"/>
    <entity index="947" value="1"/>
    <entity index="948" value="1"/>
    <entity index="949" value="1"/>
    <entity index="950" value="1"/>
    <entity index="951" value="1"/>
    <entity index="952" value="1"/>
    <entity index="953" value="1"/>
    <entity index="954" value="1"/>
    <entity index="955" value="1"/>
    <entity index="956" value="1"/>
    <entity index="957" value="1"/>
    <entity index="958" value="1"/>
    <entity index="959" value="1"/>
    <entity index="960" value="1"/>
    <entity index="961" value="1"/>
    <entity index="962" value="1"/>
    <entity index="963" value="1"/>
    <entity index="964" value="1"/>
    <entity index="965" value="1"/>
    <entity index="966" value="1"/>
    <entity index="967" value="1"/>
    <entity index="968" value="1"/>
    <entity index="969" value="1"/>
    <entity index="970" value="1"/>
    <entity index="971" value="1"/>
    <entity index="972" value="1"/>
    <entity index="973" value="1"/>
    <entity index="974" value="1"/>
    <entity index="975" value="1"/>
    <entity index="976" value="1"/>
    <entity index="977" value="1"/>
    <entity index="978" value="1"/>
    <entity index="979" value="1"/>
    <entity index="980" value="1"/>
    <entity index="981" value="1"/>
    <entity index="982" value="1"/>
    <entity index="983" value="1"/>
    <entity index="984" value="1"/>
    <entity index="985" value="1"/>
    <entity index="986" value="1"/>
    <entity index="987" value="1"/>
    <entity index="988" value="1"/>
    <entity index="989" value="1"/>
    <entity index="990" value="1"/>
    <entity index="991" value="1"/>
    <entity index="992" value="1"/>
    <entity index="993" value="1"/>
    <entity index="994" value="1"/>
    <entity index="995" value="1"/>
    <entity index="996" value="1"/>
    <entity index="997" value="1"/>
    <entity index="998" value="1"/>
    <entity index="999" value="1"/>
    <entity index="1000" value="1"/>
    <entity index="1001" value="1"/>
    <entity index="1002" value="1"/>
    <entity index="1003" value="1"/>
    <entity index="1004" value="1"/>
    <entity index="1005" value="1"/>
    <entity index="1006" value="1"/>
    <entity index="1007" value="1"/>
    <entity index="1008" value="1"/>
    <entity index="1009" value="1"/>
    <entity index="1010" value="1"/>
    <entity index="1011" value="1"/>
    <entity index="1012" value="1"/>
    <entity index="1013" value="1"/>
    <entity index="1014" value="1"/>
    <entity index="1015" value="1"/>
    <entity index="1016" value="1"/>
    <entity index="1017" value="1"/>
    <entity index="1018" value="1"/>
    <entity index="1019" value="1"/>
    <entity index="1020" value="1"/>
    <entity index="1021" value="1"/>
    <entity index="1022" value="1"/>
    <entity index="1023" value="1"/>
    <entity index="1024" value="1"/>
    <entity index="1025" value="1"/>
    <entity index="1026" value="1"/>
    <entity index="1027" value="1"/>
    <entity index="1028" value="1"/>
    <entity index="1029" value="1"/>
    <entity index="1030" value="1"/>
    <entity index="1031" value="1"/>
    <entity index="1032" value="1"/>
    <entity index="1033" value="1"/>
    <entity index="1034" value="1"/>
    <entity index="1035" value="1"/>
    <entity index="1036" value="1"/>
    <entity index="1037" value="1"/>
    <entity index="1038" value="1"/>
    <entity index="1039" value="1"/>
    <entity index="1040" value="1"/>
    <entity index="1041" value="1"/>
    <entity index="1042" value="1"/>
    <entity index="1043" value="1"/>
    <entity index="1044" value="1"/>
    <entity index="1045" value="1"/>
    <entity index="1046" value="1"/>
    <entity index="1047" value="1"/>
    <entity index="1048" value="1"/>
    <entity index="1049" value="1"/>
    <entity index="1050" value="1"/>
    <entity index="1051" value="1"/>
    <entity index="1052" value="1"/>
    <entity index="1053" value="1"/>
    <entity index="1054" value="1"/>
    <entity index="1055" value="1"/>
    <entity index="1056" value="1"/>
    <entity index="1057" value="1"/>
    <entity index="1058" value="1"/>
    <entity index="1059" value="1"/>
    <entity index="1060" value="1"/>
    <entity index="1061" value="1"/>
    <entity index="1062" value="1"/>
    <entity index="1063" value="1"/>
    <entity index="1064" value="1"/>
    <entity index="1065" value="1"/>
    <entity index="1066" value="1"/>
    <entity index="1067" value="1"/>
    <entity index="1068" value="1"/>
    <entity index="1069" value="1"/>
    <entity index="1070" value="1"/>
    <entity index="1071" value="1"/>
    <entity index="1072" value="1"/>
    <entity index="1073" value="1"/>
    <entity index="1074" value="1"/>
    <entity index="1075" value="1"/>
    <entity index="1076" value="1"/>
    <entity index="1077" value="1"/>
    <entity index="1078" value="1"/>
    <entity index="1079" value="1"/>
    <entity index="1080" value="1"/>
    <entity index="1081" value="1"/>
    <entity index="1082" value="1"/>
    <entity index="1083" value="1"/>
    <entity index="1084" value="1"/>
    <entity index="1085" value="1"/>
    <entity index="1086" value="1"/>
    <entity index="1087" value="1"/>
    <entity index="1088" value="1"/>
    <entity index="1089" value="1"/>
    <entity index="1090" value="1"/>
    <entity index="1091" value="1"/>
    <entity index="1092" value="1"/>
    <entity index="1093" value="1"/>
    <entity index="1094" value="1"/>
    <entity index="1095" value="1"/>
    <entity index="1096" value="1"/>
    <entity index="1097" value="1"/>
    <entity index="1098" value="1"/>
    <entity index="1099" value="1"/>
    <entity index="1100" value="1"/>
    <entity index="1101" value="1"/>
    <entity index="1102" value="1"/>
    <entity index="1103" value="1"/>
    <entity index="1104" value="1"/>
    <entity index="1105" value="1"/>
    <entity index="1106" value="1"/>
    <entity index="1107" value="1"/>
    <entity index="1108" value="1"/>
    <entity index="1109" value="1"/>
    <entity index="1110" value="1"/>
    <entity index="1111" value="1"/>
    <entity index="1112" value="1"/>
    <entity index="1113" value="1"/>
    <entity index="1114" value="1"/>
    <entity index="1115" value="1"/>
    <entity index="1116" value="1"/>
    <entity index="1117" value="1"/>
    <entity index="1118" value="1"/>
    <entity index="1119" value="1"/>
    <entity index="1120" value="1"/>
    <entity index="1121" value="1"/>
    <entity index="1122" value="1"/>
    <entity index="1123" value="1"/>
    <entity index="1124" value="1"/>
    <entity index="1125" value="1"/>
    <entity index="1126" value="1"/>
    <entity index="1127" value="1"/>
    <entity index="1128" value="1"/>
    <entity index="1129" value="1"/>
    <entity index="1130" value="1"/>
    <entity index="1131" value="1"/>
    <entity index="1132" value="1"/>
    <entity index="1133" value="1"/>
    <entity index="1134" value="1"/>
    <entity index="1135" value="1"/>
    <entity index="1136" value="1"/>
    <entity index="1137" value="1"/>
    <entity index="1138" value="1"/>
    <entity index="1139" value="1"/>
    <entity index="1140" value="1"/>
    <entity index="1141" value="1"/>
    <entity index="1142" value="1"/>
    <entity index="1143" value="1"/>
    <entity index="1144" value="1"/>
    <entity index="1145" value="1"/>
    <entity index="1146" value="1"/>
    <entity index="1147" value="1"/>
    <entity index="1148" value="1"/>
    <entity index="1149" value="1"/>
    <entity index="1150" value="1"/>
    <entity index="1151" value="1"/>
    <entity index="1152" value="1"/>
    <entity index="1153" value="1"/>
    <entity index="1154" value="1"/>
    <entity index="1155" value="1"/>
    <entity index="1156" value="1"/>
    <entity index="1157" value="1"/>
    <entity index="1158" value="1"/>
    <entity index="1159" value="1"/>
    <entity index="1160" value="1"/>
    <entity index="1161" value="1"/>
    <entity index="1162" value="1"/>
    <entity index="1163" value="1"/>
    <entity index="1164" value="1"/>
    <entity index="1165" value="1"/>
    <entity index="1166" value="1"/>
    <entity index="1167" value="1"/>
    <entity index="1168" value="1"/>
    <entity index="1169" value="1"/>
    <entity index="1170" value="1"/>
    <entity index="1171" value="1"/>
    <entity index="1172" value="1"/>
    <entity index="1173" value="1"/>
    <entity index="1174" value="1"/>
    <entity index="1175" value="1"/>
    <entity index="1176" value="1"/>
    <entity index="1177" value="1"/>
    <entity index="1178" value="1"/>
    <entity index="1179" value="1"/>
    <entity index="1180" value="1"/>
    <entity index="1181" value="1"/>
    <entity index="1182" value="1"/>
    <entity index="1183" value="1"/>
    <entity index="1184" value="1"/>
    <entity index="1185" value="1"/>
    <entity index="1186" value="1"/>
    <entity index="1187" value="1"/>
    <entity index="1188" value="1"/>
    <entity index="1189" value="1"/>
    <entity index="1190" value="1"/>
    <entity index="1191" value="1"/>
    <entity index="1192" value="1"/>
    <entity index="1193" value="1"/>
    <entity index="1194" value="1"/>
    <entity index="1195" value="1"/>
    <entity index="1196" value="1"/>
    <entity index="1197" value="1"/>
    <entity index="1198" value="1"/>
    <entity index="1199" value="1"/>
    <entity index="1200" value="1"/>
    <entity index="1201" value="1"/>
    <entity index="1202" value="1"/>
    <entity index="1203" value="1"/>
    <entity index="1204" value="1"/>
    <entity index="1205" value="1"/>
    <entity index="1206" value="1"/>
    <entity index="1207" value="1"/>
    <entity index="1208" value="1"/>
    <entity index="1209" value="1"/>
    <entity index="1210" value="1"/>
    <entity index="1211" value="1"/>
    <entity index="1212" value="1"/>
    <entity index="1213" value="1"/>
    <entity index="1214" value="1"/>
    <entity index="1215" value="1"/>
    <entity index="1216" value="1"/>
    <entity index="1217" value="1"/>
    <entity index="1218" value="1"/>
    <entity index="1219" value="1"/>
    <entity index="1220" value="1"/>
    <entity index="1221" value="1"/>
    <entity index="1222" value="1"/>
    <entity index="1223" value="1"/>
    <entity index="1224" value="1"/>
    <entity index="1225" value="1"/>
    <entity index="1226" value="1"/>
    <entity index="1227" value="1"/>
    <entity index="1228" value="1"/>
    <entity index="1229" value="1"/>
    <entity index="1230" value="1"/>
    <entity index="1231" value="1"/>
    <entity index="1232" value="1"/>
    <entity index="1233" value="1"/>
    <entity index="1234" value="1"/>
    <entity index="1235" value="1"/>
    <entity index="1236" value="1"/>
    <entity index="1237" value="1"/>
    <entity index="1238" value="1"/>
    <entity index="1239" value="1"/>
    <entity index="1240" value="1"/>
    <entity index="1241" value="1"/>
    <entity index="1242" value="1"/>
    <entity index="1243" value="1"/>
    <entity index="1244" value="1"/>
    <entity index="1245" value="1"/>
    <entity index="1246" value="1"/>
    <entity index="1247" value="1"/>
    <entity index="1248" value="1"/>
    <entity index="1249" value="1"/>
    <entity index="1250" value="1"/>
    <entity index="1251" value="1"/>
    <entity index="1252" value="1"/>
    <entity index="1253" value="1"/>
    <entity index="1254" value="1"/>
    <entity index="1255" value="1"/>
    <entity index="1256" value="1"/>
    <entity index="1257" value="1"/>
    <entity index="1258" value="1"/>
    <entity index="1259" value="1"/>
    <entity index="1260" value="1"/>
    <entity index="1261" value="1"/>
    <entity index="1262" value="1"/>
    <entity index="1263" value="1"/>
    <entity index="1264" value="1"/>
    <entity index="1265" value="1"/>
    <entity index="1266" value="1"/>
    <entity index="1267" value="1"/>
    <entity index="1268" value="1"/>
    <entity index="1269" value="1"/>
    <entity index="1270" value="1"/>
    <entity index="1271" value="1"/>
    <entity index="1272" value="1"/>
    <entity index="1273" value="1"/>
    <entity index="1274" value="1"/>
    <entity index="1275" value="1"/>
    <entity index="1276" value="1"/>
    <entity index="1277" value="1"/>
    <entity index="1278" value="1"/>
    <entity index="1279" value="1"/>
    <entity index="1280" value="1"/>
    <entity index="1281" value="1"/>
    <entity index="1282" value="1"/>
    <entity index="1283" value="1"/>
    <entity index="1284" value="1"/>
    <entity index="1285" value="1"/>
    <entity index="1286" value="1"/>
    <entity index="1287" value="1"/>
    <entity index="1288" value="1"/>
    <entity index="1289" value="1"/>
    <entity index="1290" value="1"/>
    <entity index="1291" value="1"/>
    <entity index="1292" value="1"/>
    <entity index="1293" value="1"/>
    <entity index="1294" value="1"/>
    <entity index="1295" value="1"/>
    <entity index="1296" value="1"/>
    <entity index="1297" value="1"/>
    <entity index="1298" value="1"/>
    <entity index="1299" value="1"/>
    <entity index="1300" value="1"/>
    <entity index="1301" value="1"/>
    <entity index="1302" value="1"/>
    <entity index="1303" value="1"/>
    <entity index="1304" value="1"/>
    <entity index="1305" value="1"/>
    <entity index="1306" value="1"/>
    <entity index="1307" value="1"/>
    <entity index="1308" value="1"/>
    <entity index="1309" value="1"/>
    <entity index="1310" value="1"/>
    <entity index="1311" value="1"/>
    <entity index="1312" value="1"/>
    <entity index="1313" value="1"/>
    <entity index="1314" value="1"/>
    <entity index="1315" value="1"/>
    <entity index="1316" value="1"/>
    <entity index="1317" value="1"/>
    <entity index="1318" value="1"/>
    <entity index="1319" value="1"/>
    <entity index="1320" value="1"/>
    <entity index="1321" value="1"/>
    <entity index="1322" value="1"/>
    <entity index="1323" value="1"/>
    <entity index="1324" value="1"/>
    <entity index="1325" value="1"/>
    <entity index="1326" value="1"/>
    <entity index="1327" value="1"/>
    <entity index="1328" value="1"/>
    <entity index="1329" value="1"/>
    <entity index="1330" value="1"/>
    <entity index="1331" value="1"/>
    <entity index="1332" value="1"/>
    <entity index="1333" value="1"/>
    <entity index="1334" value="1"/>
    <entity index="1335" value="1"/>
    <entity index="1336" value="1"/>
    <entity index="1337" value="1"/>
    <entity index="1338" value="1"/>
    <entity index="1339" value="1"/>
    <entity index="1340" value="1"/>
    <entity index="1341" value="1"/>
    <entity index="1342" value="1"/>
    <entity index="1343" value="1"/>
    <entity index="1344" value="1"/>
    <entity index="1345" value="1"/>
    <entity index="1346" value="1"/>
    <entity index="1347" value="1"/>
    <entity index="1348" value="1"/>
    <entity index="1349" value="1"/>
    <entity index="1350" value="1"/>
    <entity index="1351" value="1"/>
    <entity index="1352" value="1"/>
    <entity index="1353" value="1"/>
    <entity index="1354" value="1"/>
    <entity index="1355" value="1"/>
    <entity index="1356" value="1"/>
    <entity index="1357" value="1"/>
    <entity index="1358" value="1"/>
    <entity index="1359" value="1"/>
    <entity index="1360" value="1"/>
    <entity index="1361" value="1"/>
    <entity index="1362" value="1"/>
    <entity index="1363" value="1"/>
    <entity index="1364" value="1"/>
    <entity index="1365" value="1"/>
    <entity index="1366" value="1"/>
    <entity index="1367" value="1"/>
    <entity index="1368" value="1"/>
    <entity index="1369" value="1"/>
    <entity index="1370" value="1"/>
    <entity index="1371" value="1"/>
    <entity index="1372" value="1"/>
    <entity index="1373" value="1"/>
    <entity index="1374" value="1"/>
    <entity index="1375" value="1"/>
    <entity index="1376" value="1"/>
    <entity index="1377" value="1"/>
    <entity index="1378" value="1"/>
    <entity index="1379" value="1"/>
    <entity index="1380" value="1"/>
    <entity index="1381" value="1"/>
    <entity index="1382" value="1"/>
    <entity index="1383" value="1"/>
    <entity index="1384" value="1"/>
    <entity index="1385" value="1"/>
    <entity index="1386" value="1"/>
    <entity index="1387" value="1"/>
    <entity index="1388" value="1"/>
    <entity index="1389" value="1"/>
    <entity index="1390" value="1"/>
    <entity index="1391" value="1"/>
    <entity index="1392" value="1"/>
    <entity index="1393" value="1"/>
    <entity index="1394" value="1"/>
    <entity index="1395" value="1"/>
    <entity index="1396" value="1"/>
    <entity index="1397" value="1"/>
    <entity index="1398" value="1"/>
    <entity index="1399" value="1"/>
    <entity index="1400" value="1"/>
    <entity index="1401" value="1"/>
    <entity index="1402" value="1"/>
    <entity index="1403" value="1"/>
    <entity index="1404" value="1"/>
    <entity index="1405" value="1"/>
    <entity index="1406" value="1"/>
    <entity index="1407" value="1"/>
    <entity index="1408" value="1"/>
    <entity index="1409" value="1"/>
    <entity index="1410" value="1"/>
    <entity index="1411" value="1"/>
    <entity index="1412" value="1"/>
    <entity index="1413" value="1"/>
    <entity index="1414" value="1"/>
    <entity index="1415" value="1"/>
    <entity index="1416" value="1"/>
    <entity index="1417" value="1"/>
    <entity index="1418" value="1"/>
    <entity index="1419" value="1"/>
    <entity index="1420" value="1"/>
    <entity index="1421" value="1"/>
    <entity index="1422" value="1"/>
    <entity index="1423" value="1"/>
    <entity index="1424" value="1"/>
    <entity index="1425" value="1"/>
    <entity index="1426" value="1"/>
    <entity index="1427" value="1"/>
    <entity index="1428" value="1"/>
    <entity index="1429" value="1"/>
    <entity index="1430" value="1"/>
    <entity index="1431" value="1"/>
    <entity index="1432" value="1"/>
    <entity index="1433" value="1"/>
    <entity index="1434" value="1"/>
    <entity index="1435" value="1"/>
    <entity index="1436" value="1"/>
    <entity index="1437" value="1"/>
    <entity index="1438" value="1"/>
    <entity index="1439" value="1"/>
    <entity index="1440" value="1"/>
    <entity index="1441" value="1"/>
    <entity index="1442" value="1"/>
    <entity index="1443" value="1"/>
    <entity index="1444" value="1"/>
    <entity index="1445" value="1"/>
    <entity index="1446" value="1"/>
    <entity index="1447" value="1"/>
    <entity index="1448" value="1"/>
    <entity index="1449" value="1"/>
    <entity index="1450" value="1"/>
    <entity index="1451" value="1"/>
    <entity index="1452" value="1"/>
    <entity index="1453" value="1"/>
    <entity index="1454" value="1"/>
    <entity index="1455" value="1"/>
    <entity index="1456" value="1"/>
    <entity index="1457" value="1"/>
    <entity index="1458" value="1"/>
    <entity index="1459" value="1"/>
    <entity index="1460" value="1"/>
    <entity index="1461" value="1"/>
    <entity index="1462" value="1"/>
    <entity index="1463" value="1"/>
    <entity index="1464" value="1"/>
    <entity index="1465" value="1"/>
    <entity index="1466" value="1"/>
    <entity index="1467" value="1"/>
    <entity index="1468" value="1"/>
    <entity index="1469" value="1"/>
    <entity index="1470" value="1"/>
    <entity index="1471" value="1"/>
    <entity index="1472" value="1"/>
    <entity index="1473" value="1"/>
    <entity index="1474" value="1"/>
    <entity index="1475" value="1"/>
    <entity index="1476" value="1"/>
    <entity index="1477" value="1"/>
    <entity index="1478" value="1"/>
    <entity index="1479" value="1"/>
    <entity index="1480" value="1"/>
    <entity index="1481" value="1"/>
    <entity index="1482" value="1"/>
    <entity index="1483" value="1"/>
    <entity index="1484" value="1"/>
    <entity index="1485" value="1"/>
    <entity index="1486" value="1"/>
    <entity index="1487" value="1"/>
    <entity index="1488" value="1"/>
    <entity index="1489" value="1"/>
    <entity index="1490" value="1"/>
    <entity index="1491" value="1"/>
    <entity index="1492" value="1"/>
    <entity index="1493" value="1"/>
    <entity index="1494" value="1"/>
    <entity index="1495" value="1"/>
    <entity index="1496" value="1"/>
    <entity index="1497" value="1"/>
    <entity index="1498" value="1"/>
    <entity index="1499" value="1"/>
    <entity index="1500" value="1"/>
    <entity index="1501" value="1"/>
    <entity index="1502" value="1"/>
    <entity index="1503" value="1"/>
    <entity index="1504" value="1"/>
    <entity index="1505" value="1"/>
    <entity index="1506" value="1"/>
    <entity index="1507" value="1"/>
    <entity index="1508" value="1"/>
    <entity index="1509" value="1"/>
    <entity index="1510" value="1"/>
    <entity index="1511" value="1"/>
    <entity index="1512" value="1"/>
    <entity index="1513" value="1"/>
    <entity index="1514" value="1"/>
    <entity index="1515" value="1"/>
    <entity index="1516" value="1"/>
    <entity index="1517" value="1"/>
    <entity index="1518" value="1"/>
    <entity index="1519" value="1"/>
    <entity index="1520" value="1"/>
    <entity index="1521" value="1"/>
    <entity index="1522" value="1"/>
    <entity index="1523" value="1"/>
    <entity index="1524" value="1"/>
    <entity index="1525" value="1"/>
    <entity index="1526" value="1"/>
    <entity index="1527" value="1"/>
    <entity index="1528" value="1"/>
    <entity index="1529" value="1"/>
    <entity index="1530" value="1"/>
    <entity index="1531" value="1"/>
    <entity index="1532" value="1"/>
    <entity index="1533" value="1"/>
    <entity index="1534" value="1"/>
    <entity index="1535" value="1"/>
    <entity index="1536" value="1"/>
    <entity index="1537" value="1"/>
    <entity index="1538" value="1"/>
    <entity index="1539" value="1"/>
    <entity index="1540" value="1"/>
    <entity index="1541" value="1"/>
    <entity index="1542" value="1"/>
    <entity index="1543" value="1"/>
    <entity index="1544" value="1"/>
    <entity index="1545" value="1"/>
    <entity index="1546" value="1"/>
    <entity index="1547" value="1"/>
    <entity index="1548" value="1"/>
    <entity index="1549" value="1"/>
    <entity index="1550" value="1"/>
    <entity index="1551" value="1"/>
    <entity index="1552" value="1"/>
    <entity index="1553" value="1"/>
    <entity index="1554" value="1"/>
    <entity index="1555" value="1"/>
    <entity index="1556" value="1"/>
    <entity index="1557" value="1"/>
    <entity index="1558" value="1"/>
    <entity index="1559" value="1"/>
    <entity index="1560" value="1"/>
    <entity index="1561" value="1"/>
    <entity index="1562" value="1"/>
    <entity index="1563" value="1"/>
  </mesh_function>
</dolfin>